unique_id,ds,cutoff,TCN,y
Bitcoin,2022-06-16,2022-06-15,-0.0033528002,-0.10211240119463838
Bitcoin,2022-06-17,2022-06-15,-0.0050900998,0.004397810821634707
Bitcoin,2022-06-18,2022-06-15,-0.0036470343,-0.07366571103470498
Bitcoin,2022-06-19,2022-06-15,-0.00682252,0.07765301921261525
Bitcoin,2022-06-20,2022-06-15,-0.007363097,0.002248480775779882
Bitcoin,2022-06-21,2022-06-15,-0.0059683025,0.005376928358822752
Bitcoin,2022-06-22,2022-06-15,-0.007198369,-0.03556200534934639
Bitcoin,2022-06-23,2022-06-15,-0.0044453796,0.0535199493479972
Bitcoin,2022-06-24,2022-06-15,-0.0058980566,0.006889809761965182
Bitcoin,2022-06-25,2022-06-15,-0.007116017,0.012668381017558517
Bitcoin,2022-06-26,2022-06-15,-0.006531968,-0.022340316427399642
Bitcoin,2022-06-27,2022-06-15,-0.0066403076,-0.013975180544637311
Bitcoin,2022-06-28,2022-06-15,-0.009683491,-0.022179692790686545
Bitcoin,2022-06-29,2022-06-15,-0.0060944734,-0.008746512351258673
Bitcoin,2022-06-30,2022-06-15,-0.0057149483,-0.01600971200699597
Bitcoin,2022-07-01,2022-06-15,-0.0034473839,-0.02639361141186214
Bitcoin,2022-07-02,2022-06-15,-0.0055662086,-0.0014079559536330777
Bitcoin,2022-07-03,2022-06-15,-0.0048339134,0.0028449038468671972
Bitcoin,2022-07-04,2022-06-15,-0.003344979,0.04727542734195822
Bitcoin,2022-07-05,2022-06-15,-0.010958709,-0.002035878404781144
Bitcoin,2022-07-06,2022-06-15,-0.0038460863,0.017582449292078195
Bitcoin,2022-07-07,2022-06-15,-0.0037906098,0.051656393542229395
Bitcoin,2022-07-08,2022-06-15,-0.0064728055,0.004313222856350052
Bitcoin,2022-07-09,2022-06-15,-0.003176573,-0.006412741336777827
Bitcoin,2022-07-10,2022-06-15,-0.009024824,-0.03447747960721337
Bitcoin,2022-07-11,2022-06-15,-0.003644049,-0.043595963485985934
Bitcoin,2022-07-12,2022-06-15,-0.005367657,-0.03291562148709559
Bitcoin,2022-07-13,2022-06-15,-0.007265797,0.044936760136037535
Bitcoin,2022-07-14,2022-06-15,-0.0053267516,0.017549651110245534
Bitcoin,2022-07-15,2022-06-15,-0.0063085817,0.012868197374011459
Bitcoin,2022-07-16,2022-07-15,-0.0014441225,0.01684629622897127
Bitcoin,2022-07-17,2022-07-15,-0.0038522552,-0.019584899886714524
Bitcoin,2022-07-18,2022-07-15,-0.0052746558,0.07891967809115208
Bitcoin,2022-07-19,2022-07-15,-0.0012301062,0.0394052819820665
Bitcoin,2022-07-20,2022-07-15,-0.0014804499,-0.006765243556749567
Bitcoin,2022-07-21,2022-07-15,-0.0043181027,-0.0028926215274545086
Bitcoin,2022-07-22,2022-07-15,-0.004144011,-0.01960194573416274
Bitcoin,2022-07-23,2022-07-15,-0.0029569915,-0.011044710595049523
Bitcoin,2022-07-24,2022-07-15,-0.0021257056,0.006375470484940138
Bitcoin,2022-07-25,2022-07-15,-0.002737328,-0.05675565975923291
Bitcoin,2022-07-26,2022-07-15,-0.0017056521,-0.0057250435625118
Bitcoin,2022-07-27,2022-07-15,-0.0011157629,0.07659542145457543
Bitcoin,2022-07-28,2022-07-15,-0.0014336971,0.03905783086266901
Bitcoin,2022-07-29,2022-07-15,-0.0024351259,-0.0016476448488855766
Bitcoin,2022-07-30,2022-07-15,-0.0036111623,-0.00625468341400115
Bitcoin,2022-07-31,2022-07-15,-0.0026742,-0.013589886194237621
Bitcoin,2022-08-01,2022-07-15,-0.0022598566,-0.0009730644672050204
Bitcoin,2022-08-02,2022-07-15,-0.0013806352,-0.014520247027428823
Bitcoin,2022-08-03,2022-07-15,-0.004746399,-0.00574406192576582
Bitcoin,2022-08-04,2022-07-15,-0.0027746796,-0.009479525514329623
Bitcoin,2022-08-05,2022-07-15,-0.0012020397,0.028675899009213524
Bitcoin,2022-08-06,2022-07-15,-0.0052471478,-0.014185359542775444
Bitcoin,2022-08-07,2022-07-15,-0.0023561446,0.0093032528096888
Bitcoin,2022-08-08,2022-07-15,-0.005732959,0.026971545207587155
Bitcoin,2022-08-09,2022-07-15,-0.00025180238,-0.027470993548144307
Bitcoin,2022-08-10,2022-07-15,-0.0011705696,0.033256795105195636
Bitcoin,2022-08-11,2022-07-15,-0.0036121327,0.0004127621195113562
Bitcoin,2022-08-12,2022-07-15,-0.0042337384,0.018415981952072613
Bitcoin,2022-08-13,2022-07-15,-0.001528959,0.0008704221288358127
Bitcoin,2022-08-14,2022-07-15,-0.0010450804,-0.004297383282819922
Bitcoin,2022-08-15,2022-08-14,-0.0019472349,-0.007526870849192235
Bitcoin,2022-08-16,2022-08-14,-0.0025945771,-0.010565706246316253
Bitcoin,2022-08-17,2022-08-14,-0.0017842064,-0.023181944933135412
Bitcoin,2022-08-18,2022-08-14,-0.0038557425,-0.005295957218541147
Bitcoin,2022-08-19,2022-08-14,-0.00029267743,-0.1060266420573921
Bitcoin,2022-08-20,2022-08-14,-0.0004210025,0.013724431659859704
Bitcoin,2022-08-21,2022-08-14,-0.0016324038,0.017239723190771272
Bitcoin,2022-08-22,2022-08-14,-0.0030993754,-0.006298802543515336
Bitcoin,2022-08-23,2022-08-14,-0.0008184798,0.006018593971665709
Bitcoin,2022-08-24,2022-08-14,-0.004315867,-0.006200333307921468
Bitcoin,2022-08-25,2022-08-14,-0.00039903494,0.009577016856050946
Bitcoin,2022-08-26,2022-08-14,-0.0028839894,-0.06408571676603181
Bitcoin,2022-08-27,2022-08-14,-0.0013647501,-0.010832449814598633
Bitcoin,2022-08-28,2022-08-14,-0.0007603462,-0.02142993440418728
Bitcoin,2022-08-29,2022-08-14,-0.0009200219,0.03413499175849388
Bitcoin,2022-08-30,2022-08-14,-0.0014535887,-0.025001327942201
Bitcoin,2022-08-31,2022-08-14,-0.0016138153,0.012696624264702194
Bitcoin,2022-09-01,2022-08-14,-0.00089957844,0.0038518177054722713
Bitcoin,2022-09-02,2022-08-14,-0.0020372109,-0.007849480158661493
Bitcoin,2022-09-03,2022-08-14,-0.002438678,-0.006918477747930751
Bitcoin,2022-09-04,2022-08-14,-0.002630555,0.0077664708225135826
Bitcoin,2022-09-05,2022-08-14,-0.0034585693,-0.008761152154177054
Bitcoin,2022-09-06,2022-08-14,-0.0017616241,-0.050448064416727334
Bitcoin,2022-09-07,2022-08-14,-0.00096833264,0.02374515374757813
Bitcoin,2022-09-08,2022-08-14,-0.0024701096,0.0020460700124029785
Bitcoin,2022-09-09,2022-08-14,-0.0029519196,0.10086009771883653
Bitcoin,2022-09-10,2022-08-14,-0.00054345187,0.0139052384734768
Bitcoin,2022-09-11,2022-08-14,-0.0015258882,0.0040836521070666265
Bitcoin,2022-09-12,2022-08-14,-0.00066899275,0.027242163898831606
Bitcoin,2022-09-13,2022-08-14,-0.0028344663,-0.09728219904088853
Bitcoin,2022-09-14,2022-09-13,-0.00043076766,-0.0027439687990540307
Bitcoin,2022-09-15,2022-09-13,-0.0024737346,-0.027034585929099464
Bitcoin,2022-09-16,2022-09-13,0.0023585309,0.0036162278252707125
Bitcoin,2022-09-17,2022-09-13,-0.0061588343,0.01779449284384782
Bitcoin,2022-09-18,2022-09-13,-0.00078604347,-0.03581280592216096
Bitcoin,2022-09-19,2022-09-13,-0.0065531908,0.006396912182601966
Bitcoin,2022-09-20,2022-09-13,0.002133749,-0.03400047787130056
Bitcoin,2022-09-21,2022-09-13,-0.004080466,-0.01834481341658112
Bitcoin,2022-09-22,2022-09-13,0.0029231035,0.045641677518439394
Bitcoin,2022-09-23,2022-09-13,0.0010842321,-0.005988576329485795
Bitcoin,2022-09-24,2022-09-13,-0.0027280727,-0.018864440546158434
Bitcoin,2022-09-25,2022-09-13,-0.0020073408,-0.007149857903650414
Bitcoin,2022-09-26,2022-09-13,-0.003361828,0.022121968217957644
Bitcoin,2022-09-27,2022-09-13,0.0012244165,-0.005850034168641827
Bitcoin,2022-09-28,2022-09-13,-0.019917605,0.016409098734692762
Bitcoin,2022-09-29,2022-09-13,-0.00084962347,0.007504185852090117
Bitcoin,2022-09-30,2022-09-13,-0.021762716,-0.007243323556544112
Bitcoin,2022-10-01,2022-09-13,-0.0012548994,-0.006178716539709583
Bitcoin,2022-10-02,2022-09-13,-0.013701659,-0.013973887872916535
Bitcoin,2022-10-03,2022-09-13,-0.0006274292,0.029974176501347927
Bitcoin,2022-10-04,2022-09-13,-0.013047522,0.03570229560722993
Bitcoin,2022-10-05,2022-09-13,-0.0003749018,-0.008698205920021351
Bitcoin,2022-10-06,2022-09-13,-0.01387383,-0.010234041882279499
Bitcoin,2022-10-07,2022-09-13,-0.0036465314,-0.020687828066821012
Bitcoin,2022-10-08,2022-09-13,-0.0151807275,-0.006687387416947743
Bitcoin,2022-10-09,2022-09-13,-0.0060201874,0.0015365478926732123
Bitcoin,2022-10-10,2022-09-13,-0.005533618,-0.015805351821596147
Bitcoin,2022-10-11,2022-09-13,-0.006131837,-0.004716403908306077
Bitcoin,2022-10-12,2022-09-13,0.0022045183,0.0055498961783619905
Bitcoin,2022-10-13,2022-09-13,-0.0025922956,0.011700026814020603
Bitcoin,2022-10-14,2022-10-13,-0.006615285,-0.01022852639059657
Bitcoin,2022-10-15,2022-10-13,-0.0071107307,-0.006170546446144343
Bitcoin,2022-10-16,2022-10-13,-0.0070506223,0.010458171257370807
Bitcoin,2022-10-17,2022-10-13,-0.0077911206,0.014563494003594357
Bitcoin,2022-10-18,2022-10-13,-0.008387385,-0.011127326995175935
Bitcoin,2022-10-19,2022-10-13,-0.0071555926,-0.010130621926291994
Bitcoin,2022-10-20,2022-10-13,-0.009150205,-0.004492679584673809
Bitcoin,2022-10-21,2022-10-13,-0.0067838524,0.006211910883006766
Bitcoin,2022-10-22,2022-10-13,-0.006720801,0.0018613912313618641
Bitcoin,2022-10-23,2022-10-13,-0.00641363,0.018508150989097416
Bitcoin,2022-10-24,2022-10-13,-0.008376388,-0.011381302901352086
Bitcoin,2022-10-25,2022-10-13,-0.007677001,0.038050125280410185
Bitcoin,2022-10-26,2022-10-13,-0.008199799,0.0330171946327944
Bitcoin,2022-10-27,2022-10-13,-0.008317636,-0.02360798437892697
Bitcoin,2022-10-28,2022-10-13,-0.0069276625,0.015142492334792479
Bitcoin,2022-10-29,2022-10-13,-0.0060757454,0.010775490654564734
Bitcoin,2022-10-30,2022-10-13,-0.0069947653,-0.008822978387525993
Bitcoin,2022-10-31,2022-10-13,-0.0072450778,-0.006799218942934004
Bitcoin,2022-11-01,2022-10-13,-0.0062860968,-0.0005124320157321449
Bitcoin,2022-11-02,2022-10-13,-0.008038405,-0.016030423951878703
Bitcoin,2022-11-03,2022-10-13,-0.006476053,0.002501116242921597
Bitcoin,2022-11-04,2022-10-13,-0.008192952,0.045331998368629556
Bitcoin,2022-11-05,2022-10-13,-0.008198857,0.006385182636801545
Bitcoin,2022-11-06,2022-10-13,-0.006657676,-0.016878487354652805
Bitcoin,2022-11-07,2022-10-13,-0.009047969,-0.015587859772812962
Bitcoin,2022-11-08,2022-10-13,-0.0068046255,-0.10542864722943435
Bitcoin,2022-11-09,2022-10-13,-0.0085930815,-0.15488954815064382
Bitcoin,2022-11-10,2022-10-13,-0.0076688174,0.1020374089789744
Bitcoin,2022-11-11,2022-10-13,-0.007889309,-0.03191845327915388
Bitcoin,2022-11-12,2022-10-13,-0.008063333,-0.013898139634740403
Bitcoin,2022-11-13,2022-11-12,-0.022105323,-0.026896705438248958
Bitcoin,2022-11-14,2022-11-12,-0.019978227,0.01606473274734732
Bitcoin,2022-11-15,2022-11-12,-0.033931024,0.01590431703026418
Bitcoin,2022-11-16,2022-11-12,-0.005831015,-0.012825680484175095
Bitcoin,2022-11-17,2022-11-12,-0.020281434,0.0010839197204770556
Bitcoin,2022-11-18,2022-11-12,0.00039797416,0.0006146275087619557
Bitcoin,2022-11-19,2022-11-12,-0.026306467,0.0008242932834559014
Bitcoin,2022-11-20,2022-11-12,-0.012795692,-0.025436030670341836
Bitcoin,2022-11-21,2022-11-12,-0.009872539,-0.03145906249055308
Bitcoin,2022-11-22,2022-11-12,-0.0018157063,0.025174714983387858
Bitcoin,2022-11-23,2022-11-12,-0.016330075,0.02566795698769475
Bitcoin,2022-11-24,2022-11-12,-0.0067503317,-0.00037586378284792943
Bitcoin,2022-11-25,2022-11-12,0.005306674,-0.00498837448011713
Bitcoin,2022-11-26,2022-11-12,-0.033168048,-0.003489989310766717
Bitcoin,2022-11-27,2022-11-12,-0.01922787,-0.001194466994611787
Bitcoin,2022-11-28,2022-11-12,-0.025164472,-0.013918847781166477
Bitcoin,2022-11-29,2022-11-12,0.0077911927,0.013940463726555663
Bitcoin,2022-11-30,2022-11-12,-0.00045815995,0.04305976691638236
Bitcoin,2022-12-01,2022-11-12,-0.026334342,-0.011802068961133116
Bitcoin,2022-12-02,2022-11-12,0.006303711,0.007136986412593416
Bitcoin,2022-12-03,2022-11-12,-0.028156556,-0.010614234976348058
Bitcoin,2022-12-04,2022-11-12,0.004343614,0.0130588424619269
Bitcoin,2022-12-05,2022-11-12,-0.00888427,-0.009128269437065128
Bitcoin,2022-12-06,2022-11-12,0.024717914,0.006733035580710478
Bitcoin,2022-12-07,2022-11-12,-0.014797041,-0.014224978237351138
Bitcoin,2022-12-08,2022-11-12,-0.0042492175,0.022614200302786713
Bitcoin,2022-12-09,2022-11-12,-0.007027094,-0.005838370761029665
Bitcoin,2022-12-10,2022-11-12,0.020397825,-0.00025846394995276967
Bitcoin,2022-12-11,2022-11-12,0.007789915,-0.0014331967973362225
Bitcoin,2022-12-12,2022-11-12,-0.0005376863,0.0059599278757644925
Bitcoin,2022-12-13,2022-12-12,-0.0026596973,0.032864788765877506
Bitcoin,2022-12-14,2022-12-12,-0.0027415354,0.0019289305719407679
Bitcoin,2022-12-15,2022-12-12,-0.002725166,-0.025628381237888576
Bitcoin,2022-12-16,2022-12-12,-0.0028714205,-0.0421898084292085
Bitcoin,2022-12-17,2022-12-12,-0.0029347937,0.008827572238612191
Bitcoin,2022-12-18,2022-12-12,-0.0036458026,-0.002212331506607157
Bitcoin,2022-12-19,2022-12-12,-0.003820489,-0.019176451593599708
Bitcoin,2022-12-20,2022-12-12,-0.0031896255,0.027988705078273668
Bitcoin,2022-12-21,2022-12-12,-0.002622558,-0.005264509345067836
Bitcoin,2022-12-22,2022-12-12,-0.0026168872,0.0007612153737728278
Bitcoin,2022-12-23,2022-12-12,-0.0032849612,-0.001985808316824489
Bitcoin,2022-12-24,2022-12-12,-0.0027604739,0.003019955894147941
Bitcoin,2022-12-25,2022-12-12,-0.0031005412,-0.0003425095997382499
Bitcoin,2022-12-26,2022-12-12,-0.003965593,0.004609856021097869
Bitcoin,2022-12-27,2022-12-12,-0.002581511,-0.012048246903974658
Bitcoin,2022-12-28,2022-12-12,-0.002226142,-0.009895050148100992
Bitcoin,2022-12-29,2022-12-12,-0.0033869992,0.0054086447489840594
Bitcoin,2022-12-30,2022-12-12,-0.0040654643,-0.0023916959159535622
Bitcoin,2022-12-31,2022-12-12,-0.0037713905,-0.003323666026757266
Bitcoin,2023-01-01,2022-12-12,-0.0034118549,0.004677606650977495
Bitcoin,2023-01-02,2022-12-12,-0.0031565216,0.0038057003846692083
Bitcoin,2023-01-03,2022-12-12,-0.003335342,-0.0005162548246548937
Bitcoin,2023-01-04,2022-12-12,-0.0034838861,0.010934154000320717
Bitcoin,2023-01-05,2022-12-12,-0.003966338,-0.0015728175329492444
Bitcoin,2023-01-06,2022-12-12,-0.003959543,0.006820792124189623
Bitcoin,2023-01-07,2022-12-12,-0.0035889412,0.00018340612320066896
Bitcoin,2023-01-08,2022-12-12,-0.0027006285,0.00799308198098636
Bitcoin,2023-01-09,2022-12-12,-0.0030833075,0.006148589405821525
Bitcoin,2023-01-10,2022-12-12,-0.0035861738,0.014418133797157395
Bitcoin,2023-01-11,2022-12-12,-0.0037093598,0.027621150182145726
Bitcoin,2023-01-12,2023-01-11,0.003602154,0.05080318070100276
Bitcoin,2023-01-13,2023-01-11,0.00590715,0.05364921289957536
Bitcoin,2023-01-14,2023-01-11,0.0052200006,0.052192440587443656
Bitcoin,2023-01-15,2023-01-11,0.0031530024,-0.0045631527769547375
Bitcoin,2023-01-16,2023-01-11,0.00476677,0.01373771974438931
Bitcoin,2023-01-17,2023-01-11,0.002961021,-0.00038332432031040753
Bitcoin,2023-01-18,2023-01-11,0.0037785354,-0.02259283109423116
Bitcoin,2023-01-19,2023-01-11,0.0039915508,0.019055334162175086
Bitcoin,2023-01-20,2023-01-11,0.005278372,0.0726845523588402
Bitcoin,2023-01-21,2023-01-11,0.003607552,0.004447223187382221
Bitcoin,2023-01-22,2023-01-11,0.00309429,-0.002514790037873027
Bitcoin,2023-01-23,2023-01-11,0.0044373646,0.009375441978759724
Bitcoin,2023-01-24,2023-01-11,0.0026186795,-0.013077079173655193
Bitcoin,2023-01-25,2023-01-11,0.004438854,0.02104318491760715
Bitcoin,2023-01-26,2023-01-11,0.004817771,-0.00368714897293998
Bitcoin,2023-01-27,2023-01-11,0.0049294187,0.0019930468265449974
Bitcoin,2023-01-28,2023-01-11,0.0052582584,-0.0020663146654840148
Bitcoin,2023-01-29,2023-01-11,0.004147685,0.03177133570559931
Bitcoin,2023-01-30,2023-01-11,0.00509784,-0.04009691490577616
Bitcoin,2023-01-31,2023-01-11,0.0037210968,0.013012288486555335
Bitcoin,2023-02-01,2023-01-11,0.003789966,0.024945734672364495
Bitcoin,2023-02-02,2023-01-11,0.0031232375,-0.010674749984444176
Bitcoin,2023-02-03,2023-01-11,0.004160275,-0.0009611359013330656
Bitcoin,2023-02-04,2023-01-11,0.0037488225,-0.0050223137687126496
Bitcoin,2023-02-05,2023-01-11,0.0028503519,-0.016254488201415285
Bitcoin,2023-02-06,2023-01-11,0.003563967,-0.008555376392187952
Bitcoin,2023-02-07,2023-01-11,0.0032258574,0.021910195683307876
Bitcoin,2023-02-08,2023-01-11,0.0021392251,-0.01406372256307975
Bitcoin,2023-02-09,2023-01-11,0.0021438256,-0.05007294814467933
Bitcoin,2023-02-10,2023-01-11,0.001877471,-0.007722817783527347
Bitcoin,2023-02-11,2023-02-10,-0.006527799,0.010095720795026963
Bitcoin,2023-02-12,2023-02-10,0.0032306747,-0.003787160533462952
Bitcoin,2023-02-13,2023-02-10,-0.006793498,0.0009128494501204898
Bitcoin,2023-02-14,2023-02-10,-0.0047698608,0.0187474662772793
Bitcoin,2023-02-15,2023-02-10,-0.0056363386,0.08977000787924894
Bitcoin,2023-02-16,2023-02-10,-0.0067035137,-0.028558101583668005
Bitcoin,2023-02-17,2023-02-10,0.0029037164,0.039106249297875095
Bitcoin,2023-02-18,2023-02-10,0.0070113786,0.0030758235983991966
Bitcoin,2023-02-19,2023-02-10,0.007847235,-0.012809718865183228
Bitcoin,2023-02-20,2023-02-10,0.0025729537,0.020405044767930036
Bitcoin,2023-02-21,2023-02-10,-0.000775511,-0.015946381459373882
Bitcoin,2023-02-22,2023-02-10,-0.0029869233,-0.010180397060040036
Bitcoin,2023-02-23,2023-02-10,-0.0025291638,-0.010027916657623592
Bitcoin,2023-02-24,2023-02-10,0.0010105001,-0.031792067645547206
Bitcoin,2023-02-25,2023-02-10,0.00907606,-0.0009812479484558878
Bitcoin,2023-02-26,2023-02-10,0.0050367373,0.016511545807343708
Bitcoin,2023-02-27,2023-02-10,-0.0013731316,-0.0016286526245874455
Bitcoin,2023-02-28,2023-02-10,6.2328414e-05,-0.016092730526677812
Bitcoin,2023-03-01,2023-02-10,7.461116e-05,0.021336804697295264
Bitcoin,2023-03-02,2023-02-10,0.0014445726,-0.007261350023503255
Bitcoin,2023-03-03,2023-02-10,0.0039976668,-0.04856242575109526
Bitcoin,2023-03-04,2023-02-10,0.0031355354,-0.00041730360595337856
Bitcoin,2023-03-05,2023-02-10,-0.0030813687,0.003668954563790905
Bitcoin,2023-03-06,2023-02-10,-0.007737671,-0.00025658420607754806
Bitcoin,2023-03-07,2023-02-10,-0.0008652146,-0.009406138910838635
Bitcoin,2023-03-08,2023-02-10,3.3301767e-05,-0.022837314918541907
Bitcoin,2023-03-09,2023-02-10,0.004928656,-0.06442451362971724
Bitcoin,2023-03-10,2023-02-10,-0.0013670801,-0.008669656699224149
Bitcoin,2023-03-11,2023-02-10,-0.00024179497,0.021812221456825043
Bitcoin,2023-03-12,2023-02-10,-0.0068239,0.07160391171997382
Bitcoin,2023-03-13,2023-03-12,-0.0015471167,0.08778363418294255
Bitcoin,2023-03-14,2023-03-12,-0.0010564042,0.022416164977164144
Bitcoin,2023-03-15,2023-03-12,-0.00015797548,-0.015069419773571013
Bitcoin,2023-03-16,2023-03-12,-0.001841138,0.027387721767301088
Bitcoin,2023-03-17,2023-03-12,-0.00052567886,0.09043081754573734
Bitcoin,2023-03-18,2023-03-12,-0.00044664333,-0.016843655867042173
Bitcoin,2023-03-19,2023-03-12,-0.0023144996,0.0390125122133167
Bitcoin,2023-03-20,2023-03-12,-0.00048455142,-0.009728058564968833
Bitcoin,2023-03-21,2023-03-12,-0.00058536476,0.014607259522879446
Bitcoin,2023-03-22,2023-03-12,-0.00076567696,-0.031304934919118566
Bitcoin,2023-03-23,2023-03-12,-0.0010164204,0.03690243105379132
Bitcoin,2023-03-24,2023-03-12,-0.0006565236,-0.03011973318150929
Bitcoin,2023-03-25,2023-03-12,4.8034126e-05,5.171565440775794e-05
Bitcoin,2023-03-26,2023-03-12,-0.0005920391,0.0180084780159131
Bitcoin,2023-03-27,2023-03-12,-0.0017644829,-0.030997440192098935
Bitcoin,2023-03-28,2023-03-12,-0.00013868965,0.004714100185921666
Bitcoin,2023-03-29,2023-03-12,-0.0015645531,0.038853399422054125
Bitcoin,2023-03-30,2023-03-12,-0.0008941408,-0.011169598873616238
Bitcoin,2023-03-31,2023-03-12,-0.0013006531,0.015746415064025854
Bitcoin,2023-04-01,2023-03-12,-0.0004395222,-0.0023712364649810524
Bitcoin,2023-04-02,2023-03-12,-0.0016062286,-0.007480172109950445
Bitcoin,2023-04-03,2023-03-12,-0.0010423596,-0.014613274129860798
Bitcoin,2023-04-04,2023-03-12,-0.0013907357,0.013505585853957669
Bitcoin,2023-04-05,2023-03-12,-0.0007839344,0.00035120601527971473
Bitcoin,2023-04-06,2023-03-12,-0.0012634165,-0.004761257345732517
Bitcoin,2023-04-07,2023-03-12,-0.0021423097,-0.0042266008955405
Bitcoin,2023-04-08,2023-03-12,-0.0009729775,0.0007851836935230949
Bitcoin,2023-04-09,2023-03-12,-0.00047360535,0.01369069255187938
Bitcoin,2023-04-10,2023-03-12,-0.0013409305,0.04553364684366201
Bitcoin,2023-04-11,2023-03-12,-0.001593948,0.01943948939814888
Bitcoin,2023-04-12,2023-04-11,-0.0015336726,-0.0031803678372650523
Bitcoin,2023-04-13,2023-04-11,-0.003526345,0.008590134036799313
Bitcoin,2023-04-14,2023-04-11,0.00012203574,0.0028457978796634364
Bitcoin,2023-04-15,2023-04-11,-0.003392789,-0.005499737332211652
Bitcoin,2023-04-16,2023-04-11,-0.001006425,-0.00010359295746553698
Bitcoin,2023-04-17,2023-04-11,-0.0022200928,-0.029128723381733224
Bitcoin,2023-04-18,2023-04-11,0.0035743373,0.03183646091756742
Bitcoin,2023-04-19,2023-04-11,-0.009105284,-0.05319953639800801
Bitcoin,2023-04-20,2023-04-11,-0.0029816418,-0.020211126750272257
Bitcoin,2023-04-21,2023-04-11,-0.004161381,-0.03491087708997931
Bitcoin,2023-04-22,2023-04-11,0.0036811796,0.01962475641891892
Bitcoin,2023-04-23,2023-04-11,-0.0016416857,-0.00816174106881462
Bitcoin,2023-04-24,2023-04-11,0.0006631835,-0.002396548854372682
Bitcoin,2023-04-25,2023-04-11,0.00013627484,0.028023208042665004
Bitcoin,2023-04-26,2023-04-11,0.0029129724,0.004057925670139184
Bitcoin,2023-04-27,2023-04-11,-0.0039549773,0.03631313294946814
Bitcoin,2023-04-28,2023-04-11,-0.004198244,-0.004540602868354782
Bitcoin,2023-04-29,2023-04-11,0.0013110142,-0.0031328033132247413
Bitcoin,2023-04-30,2023-04-11,-0.00011643546,0.0006944395103811729
Bitcoin,2023-05-01,2023-04-11,0.007078342,-0.041052856167413054
Bitcoin,2023-05-02,2023-04-11,-0.0033773212,0.020749270290664867
Bitcoin,2023-05-03,2023-04-11,-0.0071154796,0.011294600673954491
Bitcoin,2023-05-04,2023-04-11,0.00043821672,-0.005482697609432208
Bitcoin,2023-05-05,2023-04-11,0.0042204396,0.023524523696822897
Bitcoin,2023-05-06,2023-04-11,-0.0029919413,-0.021553620549164876
Bitcoin,2023-05-07,2023-04-11,-0.0043726778,-0.015678412274354514
Bitcoin,2023-05-08,2023-04-11,0.0022290992,-0.027097480376070848
Bitcoin,2023-05-09,2023-04-11,-0.00030416588,-0.001282605226514022
Bitcoin,2023-05-10,2023-04-11,-0.0029092324,-0.00133933356632987
Bitcoin,2023-05-11,2023-04-11,-0.00085282663,-0.022737627988020037
Bitcoin,2023-05-12,2023-05-11,-0.000535276,-0.00727801722655208
Bitcoin,2023-05-13,2023-05-11,-0.0029003674,-0.0007804614523614362
Bitcoin,2023-05-14,2023-05-11,-0.0037878805,0.0054570111296445845
Bitcoin,2023-05-15,2023-05-11,-0.0048604626,0.00968368827233057
Bitcoin,2023-05-16,2023-05-11,-0.0037802209,-0.005754943352792807
Bitcoin,2023-05-17,2023-05-11,-0.0027669293,0.013305949061908962
Bitcoin,2023-05-18,2023-05-11,-0.0034509574,-0.020896322941863943
Bitcoin,2023-05-19,2023-05-11,-0.00065018306,0.0021562707326765462
Bitcoin,2023-05-20,2023-05-11,-0.002159246,0.008865600238127769
Bitcoin,2023-05-21,2023-05-11,-0.003080452,-0.013947366976770681
Bitcoin,2023-05-22,2023-05-11,-0.002487437,0.0036358955015671768
Bitcoin,2023-05-23,2023-05-11,-0.0024365045,0.013848962691259459
Bitcoin,2023-05-24,2023-05-11,-0.002374109,-0.033270400072337836
Bitcoin,2023-05-25,2023-05-11,-0.0040534986,0.005354526134192739
Bitcoin,2023-05-26,2023-05-11,-0.00072004064,0.009139332873008499
Bitcoin,2023-05-27,2023-05-11,-0.0017535861,0.005563330343941075
Bitcoin,2023-05-28,2023-05-11,-0.0020672795,0.044309499434996624
Bitcoin,2023-05-29,2023-05-11,-0.0033052198,-0.012171111793881195
Bitcoin,2023-05-30,2023-05-11,-0.0014314484,-0.0015702995571515999
Bitcoin,2023-05-31,2023-05-11,-0.0053952625,-0.017577792860633323
Bitcoin,2023-06-01,2023-05-11,-0.002396411,-0.014792581736561061
Bitcoin,2023-06-02,2023-05-11,-0.0040916773,0.015891610788358435
Bitcoin,2023-06-03,2023-05-11,-0.005031176,-0.006422915158298181
Bitcoin,2023-06-04,2023-05-11,-0.0003319478,0.001621483975075222
Bitcoin,2023-06-05,2023-05-11,-0.0056691123,-0.05141034569159686
Bitcoin,2023-06-06,2023-05-11,-0.0042310366,0.05581511830203567
Bitcoin,2023-06-07,2023-05-11,-0.0031122093,-0.03332542388746873
Bitcoin,2023-06-08,2023-05-11,-0.0038628785,0.006138366062979017
Bitcoin,2023-06-09,2023-05-11,-0.0026288216,-0.001050860255627839
Bitcoin,2023-06-10,2023-05-11,-0.0031502985,-0.024045314846709687
Bitcoin,2023-06-11,2023-06-10,-0.00093578314,0.003434076441768852
Bitcoin,2023-06-12,2023-06-10,-0.0023848957,-0.0014531650512417116
Bitcoin,2023-06-13,2023-06-10,-0.0032074328,0.0006263271247703983
Bitcoin,2023-06-14,2023-06-10,-0.00397243,-0.031115354251168625
Bitcoin,2023-06-15,2023-06-10,-0.0039222585,0.0178193754109941
Bitcoin,2023-06-16,2023-06-10,-0.0023430109,0.028942773290506096
Bitcoin,2023-06-17,2023-06-10,-0.002391239,0.00693490076979586
Bitcoin,2023-06-18,2023-06-10,-0.0015215152,-0.006602603414895825
Bitcoin,2023-06-19,2023-06-10,-0.0028269615,0.0193592473418569
Bitcoin,2023-06-20,2023-06-10,-0.0029684987,0.05352849512463109
Bitcoin,2023-06-21,2023-06-10,-0.0020050192,0.058274213417462306
Bitcoin,2023-06-22,2023-06-10,-0.0022787678,-0.0038377237462103864
Bitcoin,2023-06-23,2023-06-10,-0.003569748,0.025845905768154154
Bitcoin,2023-06-24,2023-06-10,-0.002335997,-0.004793067984330435
Bitcoin,2023-06-25,2023-06-10,-0.0015051095,-0.0022426605995828908
Bitcoin,2023-06-26,2023-06-10,-0.002125046,-0.0068848359585391705
Bitcoin,2023-06-27,2023-06-10,-0.00196569,0.013682563313130558
Bitcoin,2023-06-28,2023-06-10,-0.0029682259,-0.019808917956213534
Bitcoin,2023-06-29,2023-06-10,-0.001837279,0.011865197580258169
Bitcoin,2023-06-30,2023-06-10,-0.004655254,0.0010472432587445013
Bitcoin,2023-07-01,2023-06-10,-0.0015956387,0.0036951446290647283
Bitcoin,2023-07-02,2023-06-10,-0.0025727993,0.0010028092648699527
Bitcoin,2023-07-03,2023-06-10,-0.004189493,0.017342426258482035
Bitcoin,2023-07-04,2023-06-10,-0.00043508667,-0.012234378990758188
Bitcoin,2023-07-05,2023-06-10,-0.004474125,-0.008595533337302896
Bitcoin,2023-07-06,2023-06-10,-0.0030915358,-0.0200202998042176
Bitcoin,2023-07-07,2023-06-10,-0.0022010226,0.014370910165981243
Bitcoin,2023-07-08,2023-06-10,-0.0032173272,-0.0016401345660685962
Bitcoin,2023-07-09,2023-06-10,-0.0021053217,-0.004012544766043291
Bitcoin,2023-07-10,2023-06-10,-0.0013339738,0.00802953853669841
Bitcoin,2023-07-11,2023-07-10,0.0017709753,0.006765948407098321
Bitcoin,2023-07-12,2023-07-10,0.0011767073,-0.007516669621688621
Bitcoin,2023-07-13,2023-07-10,0.0012250773,0.035059118202989126
Bitcoin,2023-07-14,2023-07-10,0.00089298136,-0.03695545280872814
Bitcoin,2023-07-15,2023-07-10,0.0015175208,-0.0012621409850908094
Bitcoin,2023-07-16,2023-07-10,0.0015881206,-0.0015417915905047153
Bitcoin,2023-07-17,2023-07-10,0.0019299577,-0.003418965273663588
Bitcoin,2023-07-18,2023-07-10,0.0011402455,-0.009643886432712634
Bitcoin,2023-07-19,2023-07-10,0.0020002546,0.0019193870129630142
Bitcoin,2023-07-20,2023-07-10,0.0005998858,-0.004083626202495694
Bitcoin,2023-07-21,2023-07-10,0.0016791662,0.003910458064439126
Bitcoin,2023-07-22,2023-07-10,0.000891203,-0.004589155345184892
Bitcoin,2023-07-23,2023-07-10,0.0016208689,0.010449658847242915
Bitcoin,2023-07-24,2023-07-10,0.0010354224,-0.030633537931812782
Bitcoin,2023-07-25,2023-07-10,0.0016442593,0.001728455501366355
Bitcoin,2023-07-26,2023-07-10,0.0020182438,0.004355653290138761
Bitcoin,2023-07-27,2023-07-10,0.0016194102,-0.004927238819021795
Bitcoin,2023-07-28,2023-07-10,0.0016361454,0.0037094441836131864
Bitcoin,2023-07-29,2023-07-10,0.0012636995,0.0012840609395539104
Bitcoin,2023-07-30,2023-07-10,0.0021407548,-0.0027837739581126897
Bitcoin,2023-07-31,2023-07-10,0.0012510266,-0.001545062630201599
Bitcoin,2023-08-01,2023-07-10,0.0018930255,0.015130233698759099
Bitcoin,2023-08-02,2023-07-10,0.0015061409,-0.01780750760380201
Bitcoin,2023-08-03,2023-07-10,0.0012829248,0.000916181014929407
Bitcoin,2023-08-04,2023-07-10,0.0010901734,-0.003590833524491188
Bitcoin,2023-08-05,2023-07-10,0.00076116424,-0.001100032105005866
Bitcoin,2023-08-06,2023-07-10,0.0014893463,-9.347843887397289e-06
Bitcoin,2023-08-07,2023-07-10,0.0011265068,0.004765273930683378
Bitcoin,2023-08-08,2023-07-10,0.0016353413,0.01984638689169671
Bitcoin,2023-08-09,2023-07-10,0.0018700659,-0.006877101522194451
Bitcoin,2023-08-10,2023-08-09,-0.0007212879,-0.004471948862001085
Bitcoin,2023-08-11,2023-08-09,8.005742e-05,-0.0010837471555529277
Bitcoin,2023-08-12,2023-08-09,-5.560345e-05,0.0006206039372145256
Bitcoin,2023-08-13,2023-08-09,-0.0005659007,-0.004533340682336018
Bitcoin,2023-08-14,2023-08-09,0.00037836912,0.0042776141813440915
Bitcoin,2023-08-15,2023-08-09,0.0011486314,-0.008129120011451718
Bitcoin,2023-08-16,2023-08-09,-0.0005755457,-0.01619358485837985
Bitcoin,2023-08-17,2023-08-09,-0.00033629301,-0.07362412025181975
Bitcoin,2023-08-18,2023-08-09,0.00091341365,-0.023334248630925813
Bitcoin,2023-08-19,2023-08-09,0.00065330585,0.001789156046632101
Bitcoin,2023-08-20,2023-08-09,0.0005749018,0.0035718691812078873
Bitcoin,2023-08-21,2023-08-09,2.2804714e-05,-0.002501958506162083
Bitcoin,2023-08-22,2023-08-09,0.00061333267,-0.003546469710645539
Bitcoin,2023-08-23,2023-08-09,0.00041721913,0.015248455738326783
Bitcoin,2023-08-24,2023-08-09,0.00034411438,-0.01023956583084562
Bitcoin,2023-08-25,2023-08-09,-2.2543245e-05,-0.004393992508395783
Bitcoin,2023-08-26,2023-08-09,0.00016453827,-0.0015062620584664899
Bitcoin,2023-08-27,2023-08-09,0.00016602024,0.003118365088980113
Bitcoin,2023-08-28,2023-08-09,0.001326108,0.0006305877772252444
Bitcoin,2023-08-29,2023-08-09,0.0009875384,0.060249892662413984
Bitcoin,2023-08-30,2023-08-09,0.0006049268,-0.015634289255777034
Bitcoin,2023-08-31,2023-08-09,-0.0005907952,-0.05132914548814682
Bitcoin,2023-09-01,2023-08-09,0.00038541039,-0.005054814421059817
Bitcoin,2023-09-02,2023-08-09,0.0005002585,0.0026349869267328074
Bitcoin,2023-09-03,2023-08-09,-0.00027814542,0.003887765613605154
Bitcoin,2023-09-04,2023-08-09,0.0005325987,-0.0060697124789417245
Bitcoin,2023-09-05,2023-08-09,-8.5938955e-06,-0.0012573016666515002
Bitcoin,2023-09-06,2023-08-09,0.00024019822,-0.0010380136560570463
Bitcoin,2023-09-07,2023-08-09,0.0006218159,0.018732105333871374
Bitcoin,2023-09-08,2023-08-09,0.00023459014,-0.012831149644606299
Bitcoin,2023-09-09,2023-09-08,-0.0014027933,-0.0003851858526555674
Bitcoin,2023-09-10,2023-09-08,-0.0018697643,-0.0024532678326885105
Bitcoin,2023-09-11,2023-09-08,-0.0019216839,-0.026261880846510266
Bitcoin,2023-09-12,2023-09-08,-0.001857957,0.02630512782872607
Bitcoin,2023-09-13,2023-09-08,-0.0018301293,0.015173853006343663
Bitcoin,2023-09-14,2023-09-08,-0.0025334,0.011800835153962907
Bitcoin,2023-09-15,2023-09-08,-0.0024209665,0.0025972413621584423
Bitcoin,2023-09-16,2023-09-08,-0.0017536058,-0.0015199103776080136
Bitcoin,2023-09-17,2023-09-08,-0.0020849812,-0.0012840741866497751
Bitcoin,2023-09-18,2023-09-08,-0.0021921205,0.008260511389751812
Bitcoin,2023-09-19,2023-09-08,-0.0026948466,0.01693110275430776
Bitcoin,2023-09-20,2023-09-08,-0.0021077772,-0.002911479083408608
Bitcoin,2023-09-21,2023-09-08,-0.0022129356,-0.021020467718656732
Bitcoin,2023-09-22,2023-09-08,-0.002722932,0.00044915065847028757
Bitcoin,2023-09-23,2023-09-08,-0.002189152,-6.686737414440813e-06
Bitcoin,2023-09-24,2023-09-08,-0.0014352134,-0.012210127334840948
Bitcoin,2023-09-25,2023-09-08,-0.0014979051,0.001585160905158034
Bitcoin,2023-09-26,2023-09-08,-0.0018353377,-0.003093569643056071
Bitcoin,2023-09-27,2023-09-08,-0.0017610275,0.005153782971373033
Bitcoin,2023-09-28,2023-09-08,-0.002167631,0.025063206301412677
Bitcoin,2023-09-29,2023-09-08,-0.001967343,-0.004072674871455462
Bitcoin,2023-09-30,2023-09-08,-0.0024512247,0.0020859583990358033
Bitcoin,2023-10-01,2023-09-08,-0.0023335917,0.03697612069415257
Bitcoin,2023-10-02,2023-09-08,-0.0017275274,-0.016319145652303746
Bitcoin,2023-10-03,2023-09-08,-0.0024325228,-0.0036683170426599077
Bitcoin,2023-10-04,2023-09-08,-0.002488004,0.013377719098022212
Bitcoin,2023-10-05,2023-09-08,-0.0024435883,-0.013890662188082104
Bitcoin,2023-10-06,2023-09-08,-0.0016407707,0.01917188389954383
Bitcoin,2023-10-07,2023-09-08,-0.0023184652,0.0007955649519200136
Bitcoin,2023-10-08,2023-09-08,-0.0022454378,-0.001207428683224876
Bitcoin,2023-10-09,2023-10-08,0.00016378949,-0.012659387752293583
Bitcoin,2023-10-10,2023-10-08,0.00031929777,-0.007009005899618614
Bitcoin,2023-10-11,2023-10-08,-0.0005946468,-0.019081220889665573
Bitcoin,2023-10-12,2023-10-08,0.00022139109,-0.004345381484073485
Bitcoin,2023-10-13,2023-10-08,-0.0008302658,0.003938005713155945
Bitcoin,2023-10-14,2023-10-08,-0.00018091185,-2.4866688264069126e-05
Bitcoin,2023-10-15,2023-10-08,-0.00030499476,0.011030760224333136
Bitcoin,2023-10-16,2023-10-08,0.00036175468,0.04885439755241272
Bitcoin,2023-10-17,2023-10-08,0.00039273093,-0.0036433994323754604
Bitcoin,2023-10-18,2023-10-08,-0.00015666557,-0.003080719749346983
Bitcoin,2023-10-19,2023-10-08,2.5065732e-05,0.01372423102939635
Bitcoin,2023-10-20,2023-10-08,0.00068520143,0.03298576904642658
Bitcoin,2023-10-21,2023-10-08,0.00040070282,0.007901299894855995
Bitcoin,2023-10-22,2023-10-08,0.0009132969,0.0025198297884827525
Bitcoin,2023-10-23,2023-10-08,-1.742877e-05,0.09812340582614354
Bitcoin,2023-10-24,2023-10-08,0.00092831755,0.024342751526038597
Bitcoin,2023-10-25,2023-10-08,0.0008949543,0.017581001163284427
Bitcoin,2023-10-26,2023-10-08,-5.5203796e-05,-0.010083818288283197
Bitcoin,2023-10-27,2023-10-08,0.00021797325,-0.007253169366626011
Bitcoin,2023-10-28,2023-10-08,-7.858605e-05,0.005287515034929413
Bitcoin,2023-10-29,2023-10-08,0.00012270035,0.013082482217662061
Bitcoin,2023-10-30,2023-10-08,-0.00020841777,-0.0010462558489425788
Bitcoin,2023-10-31,2023-10-08,-0.0002173793,0.004782938837923467
Bitcoin,2023-11-01,2023-10-08,-0.0006396094,0.021952875726510612
Bitcoin,2023-11-02,2023-10-08,0.0001949846,-0.014181643072406658
Bitcoin,2023-11-03,2023-10-08,-0.0013250372,-0.005911206990710127
Bitcoin,2023-11-04,2023-10-08,-0.00069834257,0.010022958586434427
Bitcoin,2023-11-05,2023-10-08,-0.000798426,-0.0009365212100700404
Bitcoin,2023-11-06,2023-10-08,-0.00050282525,-0.0003419871552008402
Bitcoin,2023-11-07,2023-10-08,-0.0005073596,0.011526405410629437
Bitcoin,2023-11-08,2023-11-07,-0.0033425519,0.005955525188301891
Bitcoin,2023-11-09,2023-11-07,0.0027234415,0.02869223992963832
Bitcoin,2023-11-10,2023-11-07,-0.00038864138,0.016778346050335458
Bitcoin,2023-11-11,2023-11-07,0.0046401424,-0.00472568235206694
Bitcoin,2023-11-12,2023-11-07,0.0016126271,-0.0022517425921577683
Bitcoin,2023-11-13,2023-11-07,-0.002550988,-0.015013536987050102
Bitcoin,2023-11-14,2023-11-07,0.0013198622,-0.02678435773334442
Bitcoin,2023-11-15,2023-11-07,-0.002589187,0.06384619910258493
Bitcoin,2023-11-16,2023-11-07,0.0017109546,-0.046629756192240635
Bitcoin,2023-11-17,2023-11-07,-0.0031722889,0.012148746898784424
Bitcoin,2023-11-18,2023-11-07,0.0019918494,-0.0003000847765299852
Bitcoin,2023-11-19,2023-11-07,-0.0016078048,0.021653391388577248
Bitcoin,2023-11-20,2023-11-07,9.293016e-05,0.0024153342879031925
Bitcoin,2023-11-21,2023-11-07,-0.0042311857,-0.045392621888595386
Bitcoin,2023-11-22,2023-11-07,0.0048095975,0.04420138936765561
Bitcoin,2023-11-23,2023-11-07,-0.0028844958,-0.0038199994158176764
Bitcoin,2023-11-24,2023-11-07,-0.0012063065,0.0114828810241967
Bitcoin,2023-11-25,2023-11-07,0.00033772003,0.0020263429686728784
Bitcoin,2023-11-26,2023-11-07,0.0014212155,-0.008440249974219327
Bitcoin,2023-11-27,2023-11-07,0.00011401728,-0.006020176610313399
Bitcoin,2023-11-28,2023-11-07,-0.0012086802,0.015367313643764646
Bitcoin,2023-11-29,2023-11-07,0.004686106,0.000724175028446794
Bitcoin,2023-11-30,2023-11-07,-0.0013588693,-0.0038571891639431755
Bitcoin,2023-12-01,2023-11-07,0.0024186792,0.025550730214064288
Bitcoin,2023-12-02,2023-11-07,0.0021901364,0.020152443107054552
Bitcoin,2023-12-03,2023-11-07,0.001921131,0.012637770677223159
Bitcoin,2023-12-04,2023-11-07,0.0034919106,0.04885656685082296
Bitcoin,2023-12-05,2023-11-07,0.001983331,0.048825234527116734
Bitcoin,2023-12-06,2023-11-07,0.0052799946,-0.007610515817260577
Bitcoin,2023-12-07,2023-11-07,0.0044731926,-0.010427160037584926
Bitcoin,2023-12-08,2023-12-07,0.002606141,0.01998568323594263
Bitcoin,2023-12-09,2023-12-07,0.0021810613,-0.01002634901377597
Bitcoin,2023-12-10,2023-12-07,0.0023720548,0.0012276881806254636
Bitcoin,2023-12-11,2023-12-07,0.0023601437,-0.059668646755696386
Bitcoin,2023-12-12,2023-12-07,0.0019464162,0.004991678285069412
Bitcoin,2023-12-13,2023-12-07,0.0021865051,0.03416274953885612
Bitcoin,2023-12-14,2023-12-07,0.0020160708,0.0031014611880770815
Bitcoin,2023-12-15,2023-12-07,0.0020745208,-0.025761678956369494
Bitcoin,2023-12-16,2023-12-07,0.002358275,0.007374628667967897
Bitcoin,2023-12-17,2023-12-07,0.0027837725,-0.02094342252809689
Bitcoin,2023-12-18,2023-12-07,0.002780708,0.029979669513574336
Bitcoin,2023-12-19,2023-12-07,0.002204801,-0.008316570748675645
Bitcoin,2023-12-20,2023-12-07,0.0027292348,0.032164737333465254
Bitcoin,2023-12-21,2023-12-07,0.0023779334,0.004956565554566694
Bitcoin,2023-12-22,2023-12-07,0.0017485941,0.00293056578744455
Bitcoin,2023-12-23,2023-12-07,0.0021690743,-0.005889392285167716
Bitcoin,2023-12-24,2023-12-07,0.0022730837,-0.01667770256694112
Bitcoin,2023-12-25,2023-12-07,0.0018580592,0.013783631703500276
Bitcoin,2023-12-26,2023-12-07,0.0024905873,-0.02537447974266982
Bitcoin,2023-12-27,2023-12-07,0.0024530613,0.02146239132130745
Bitcoin,2023-12-28,2023-12-07,0.0020466996,-0.01893848326248282
Bitcoin,2023-12-29,2023-12-07,0.0019621337,-0.012474379470408081
Bitcoin,2023-12-30,2023-12-07,0.0025429341,0.00136488323680517
Bitcoin,2023-12-31,2023-12-07,0.0022838577,0.0025653290410083684
Bitcoin,2024-01-01,2023-12-07,0.0019521932,0.044021664809024585
Bitcoin,2024-01-02,2023-12-07,0.0020579584,0.017742604041906418
Bitcoin,2024-01-03,2023-12-07,0.002319437,-0.04806495360792695
Bitcoin,2024-01-04,2023-12-07,0.002250644,0.030607357860631623
Bitcoin,2024-01-05,2023-12-07,0.00214801,-0.0003900828734124673
Bitcoin,2024-01-06,2023-12-07,0.0021020412,-0.0039363042692563965
Bitcoin,2024-01-07,2024-01-06,-1481382100.0,-0.0010484806586052997
Bitcoin,2024-01-08,2024-01-06,153399280.0,0.066624266350372
Bitcoin,2024-01-09,2024-01-06,-827196740.0,-0.017845417159183086
Bitcoin,2024-01-10,2024-01-06,147940080.0,0.010522032644432855
Bitcoin,2024-01-11,2024-01-06,84300260.0,-0.005574241013182046
Bitcoin,2024-01-12,2024-01-06,-6357035.0,-0.07884262885774085
Bitcoin,2024-01-13,2024-01-06,-194906780.0,-0.0002517087517084349
Bitcoin,2024-01-14,2024-01-06,-1279910700.0,-0.024720775326912303
Bitcoin,2024-01-15,2024-01-06,226340850.0,0.01697856407632692
Bitcoin,2024-01-16,2024-01-06,-368285220.0,0.015011364447875764
Bitcoin,2024-01-17,2024-01-06,1710879000.0,-0.009599712855665743
Bitcoin,2024-01-18,2024-01-06,706489300.0,-0.03525390600752765
Bitcoin,2024-01-19,2024-01-06,41070444.0,0.008599127828956554
Bitcoin,2024-01-20,2024-01-06,129396860.0,0.001132983513546293
Bitcoin,2024-01-21,2024-01-06,674716740.0,-0.0028794348942948744
Bitcoin,2024-01-22,2024-01-06,401261470.0,-0.05030891030823881
Bitcoin,2024-01-23,2024-01-06,109517950.0,0.008523584163272702
Bitcoin,2024-01-24,2024-01-06,-1481407600.0,0.0057937057905466105
Bitcoin,2024-01-25,2024-01-06,955957400.0,-0.0035811574145885317
Bitcoin,2024-01-26,2024-01-06,375847940.0,0.04607657449904501
Bitcoin,2024-01-27,2024-01-06,-294919900.0,0.0072241130044279345
Bitcoin,2024-01-28,2024-01-06,-467821150.0,-0.002007256076661079
Bitcoin,2024-01-29,2024-01-06,-497595040.0,0.0293644156502868
Bitcoin,2024-01-30,2024-01-06,-1285888100.0,-0.0077837447869004706
Bitcoin,2024-01-31,2024-01-06,604119740.0,-0.00865155289609909
Bitcoin,2024-02-01,2024-01-06,-253469090.0,0.01151489032292119
Bitcoin,2024-02-02,2024-01-06,-1082922900.0,0.002552374587986961
Bitcoin,2024-02-03,2024-01-06,36400156.0,-0.004493245607930518
Bitcoin,2024-02-04,2024-01-06,27901852.0,-0.009551086258099417
Bitcoin,2024-02-05,2024-01-06,726721500.0,0.0017617075903046953
Bitcoin,2024-02-06,2024-02-05,0.0016831049,0.009936804795447784
Bitcoin,2024-02-07,2024-02-05,0.0016715422,0.02822864617884413
Bitcoin,2024-02-08,2024-02-05,0.00149083,0.021945671280278134
Bitcoin,2024-02-09,2024-02-05,0.0014658538,0.039932995352145895
Bitcoin,2024-02-10,2024-02-05,0.0014081282,0.013149960590052245
Bitcoin,2024-02-11,2024-02-05,0.0012634647,0.010881064362965986
Bitcoin,2024-02-12,2024-02-05,0.0016318298,0.033881478580831015
Bitcoin,2024-02-13,2024-02-05,0.0014001108,-0.00432858875979214
Bitcoin,2024-02-14,2024-02-05,0.00156911,0.0410468493867846
Bitcoin,2024-02-15,2024-02-05,0.0014485265,0.0021560093254784363
Bitcoin,2024-02-16,2024-02-05,0.0014387416,0.004258432657486821
Bitcoin,2024-02-17,2024-02-05,0.0016385316,-0.009578029666233334
Bitcoin,2024-02-18,2024-02-05,0.0013720086,0.008855834449228439
Bitcoin,2024-02-19,2024-02-05,0.0015865775,-0.006610163814116277
Bitcoin,2024-02-20,2024-02-05,0.0016613632,0.009719679361461786
Bitcoin,2024-02-21,2024-02-05,0.0014115127,-0.008560904267005398
Bitcoin,2024-02-22,2024-02-05,0.0013911291,-0.010358547615147984
Bitcoin,2024-02-23,2024-02-05,0.0014306172,-0.011231806163964464
Bitcoin,2024-02-24,2024-02-05,0.0015103475,0.01640559405710107
Bitcoin,2024-02-25,2024-02-05,0.0013288303,0.003139013392551959
Bitcoin,2024-02-26,2024-02-05,0.0013344424,0.052511187612328314
Bitcoin,2024-02-27,2024-02-05,0.0015747619,0.04593621644356105
Bitcoin,2024-02-28,2024-02-05,0.001229577,0.09069529300273693
Bitcoin,2024-02-29,2024-02-05,0.0015570871,-0.02112241427087369
Bitcoin,2024-03-01,2024-02-05,0.0011898495,0.02009546578923782
Bitcoin,2024-03-02,2024-02-05,0.0015995393,-0.006600547211599306
Bitcoin,2024-03-03,2024-02-05,0.0012340143,0.01817220453919255
Bitcoin,2024-03-04,2024-02-05,0.001316619,0.07856708087178532
Bitcoin,2024-03-05,2024-02-05,0.001543794,-0.06858298175874111
Bitcoin,2024-03-06,2024-02-05,0.001387489,0.035499700219091324
Bitcoin,2024-03-07,2024-03-06,0.0032120245,0.012308140089407615
Bitcoin,2024-03-08,2024-03-06,0.0030756476,0.020331312162278792
Bitcoin,2024-03-09,2024-03-06,0.002949488,0.0029062965955226616
Bitcoin,2024-03-10,2024-03-06,0.002991633,0.007575825657481161
Bitcoin,2024-03-11,2024-03-06,0.0028844643,0.04399229861896892
Bitcoin,2024-03-12,2024-03-06,0.0027322327,-0.008949836084322982
Bitcoin,2024-03-13,2024-03-06,0.003033273,0.022166899099049786
Bitcoin,2024-03-14,2024-03-06,0.0028843824,-0.023352461458381768
Bitcoin,2024-03-15,2024-03-06,0.0030250428,-0.028308923255979224
Bitcoin,2024-03-16,2024-03-06,0.0028918004,-0.06071772520404295
Bitcoin,2024-03-17,2024-03-06,0.0029728212,0.04601224066633414
Bitcoin,2024-03-18,2024-03-06,0.0030476525,-0.012388507554367933
Bitcoin,2024-03-19,2024-03-06,0.0028893566,-0.08712073181662916
Bitcoin,2024-03-20,2024-03-06,0.0030545364,0.09251085300201822
Bitcoin,2024-03-21,2024-03-06,0.0031424577,-0.03631867422349089
Bitcoin,2024-03-22,2024-03-06,0.0029164394,-0.026498446708906442
Bitcoin,2024-03-23,2024-03-06,0.0028667022,0.004434288723851765
Bitcoin,2024-03-24,2024-03-06,0.0028643562,0.04832709314699635
Bitcoin,2024-03-25,2024-03-06,0.0029602512,0.039725047620512655
Bitcoin,2024-03-26,2024-03-06,0.0027675943,0.0004147786422841193
Bitcoin,2024-03-27,2024-03-06,0.002770856,-0.007637444578671548
Bitcoin,2024-03-28,2024-03-06,0.0029497403,0.018397190042556133
Bitcoin,2024-03-29,2024-03-06,0.0027071266,-0.012118158011341862
Bitcoin,2024-03-30,2024-03-06,0.0029169389,-0.003547757084323422
Bitcoin,2024-03-31,2024-03-06,0.0026221105,0.02395285869545205
Bitcoin,2024-04-01,2024-03-06,0.0029689628,-0.02313700233243665
Bitcoin,2024-04-02,2024-03-06,0.0026264638,-0.06299090434845489
Bitcoin,2024-04-03,2024-03-06,0.0027665915,0.008123743016021479
Bitcoin,2024-04-04,2024-03-06,0.00294942,0.03759886271186197
Bitcoin,2024-04-05,2024-03-06,0.0027805911,-0.009845630344583967
Bitcoin,2024-04-06,2024-04-05,0.0035681985,0.015482496361432396
Bitcoin,2024-04-07,2024-04-05,0.0034566657,0.006747455327095864
Bitcoin,2024-04-08,2024-04-05,0.00332883,0.03218579413078082
Bitcoin,2024-04-09,2024-04-05,0.0032986193,-0.03541376120127104
Bitcoin,2024-04-10,2024-04-05,0.0032466142,0.020739301134799604
Bitcoin,2024-04-11,2024-04-05,0.0030572414,-0.0074977824777295865
Bitcoin,2024-04-12,2024-04-05,0.0034299663,-0.041748970215595094
Bitcoin,2024-04-13,2024-04-05,0.0032103462,-0.05152204969368235
Bitcoin,2024-04-14,2024-04-05,0.003365537,0.029598501398170995
Bitcoin,2024-04-15,2024-04-05,0.0032954167,-0.03581099941906274
Bitcoin,2024-04-16,2024-04-05,0.0032596802,0.006061920118224151
Bitcoin,2024-04-17,2024-04-05,0.0034169974,-0.04053958526915835
Bitcoin,2024-04-18,2024-04-05,0.0032069138,0.03584120208399355
Bitcoin,2024-04-19,2024-04-05,0.0034717263,0.005195142778710249
Bitcoin,2024-04-20,2024-04-05,0.0034285393,0.01786587198336065
Bitcoin,2024-04-21,2024-04-05,0.0031931952,-0.0010436625535170663
Bitcoin,2024-04-22,2024-04-05,0.0031908695,0.029008901815933186
Bitcoin,2024-04-23,2024-04-05,0.003217444,-0.006460398489672059
Bitcoin,2024-04-24,2024-04-05,0.003311607,-0.03260630131502573
Bitcoin,2024-04-25,2024-04-05,0.0030732076,0.0031812827109121145
Bitcoin,2024-04-26,2024-04-05,0.0030553835,-0.011328935238841709
Bitcoin,2024-04-27,2024-04-05,0.0032506478,-0.0052869178383048165
Bitcoin,2024-04-28,2024-04-05,0.0029766662,-0.004835296349188667
Bitcoin,2024-04-29,2024-04-05,0.003279405,0.011467091709011612
Bitcoin,2024-04-30,2024-04-05,0.0029036996,-0.05149462963718854
Bitcoin,2024-05-01,2024-04-05,0.0033156527,-0.04008992347981355
Bitcoin,2024-05-02,2024-04-05,0.002941092,0.014814392464812087
Bitcoin,2024-05-03,2024-04-05,0.0030822507,0.06175720660142758
Bitcoin,2024-05-04,2024-04-05,0.0033402538,0.015801344407988083
Bitcoin,2024-05-05,2024-04-05,0.0032013836,0.0021835109592291957
Bitcoin,2024-05-06,2024-05-05,0.005267119,-0.013667364704890161
Bitcoin,2024-05-07,2024-05-05,0.0052115954,-0.013181929955278449
Bitcoin,2024-05-08,2024-05-05,0.0049771946,-0.018569986257366722
Bitcoin,2024-05-09,2024-05-05,0.0049310606,0.029977308582543216
Bitcoin,2024-05-10,2024-05-05,0.004837618,-0.036456454736823574
Bitcoin,2024-05-11,2024-05-05,0.004660842,1.535696956445065e-05
Bitcoin,2024-05-12,2024-05-05,0.0051119914,0.010711364091328335
Bitcoin,2024-05-13,2024-05-05,0.004842476,0.023371494278091376
Bitcoin,2024-05-14,2024-05-05,0.0050362274,-0.021674038172067256
Bitcoin,2024-05-15,2024-05-05,0.004924668,0.07380429773983899
Bitcoin,2024-05-16,2024-05-05,0.0049348,-0.0157557244540385
Bitcoin,2024-05-17,2024-05-05,0.005083261,0.02752283492420915
Bitcoin,2024-05-18,2024-05-05,0.0048606,-0.001657856767945276
Bitcoin,2024-05-19,2024-05-05,0.0050959555,-0.009945159552843919
Bitcoin,2024-05-20,2024-05-05,0.005089462,0.07510908875258693
Bitcoin,2024-05-21,2024-05-05,0.0047692913,-0.018528857147304123
Bitcoin,2024-05-22,2024-05-05,0.004862814,-0.01456586947401739
Bitcoin,2024-05-23,2024-05-05,0.0049139704,-0.017406596623926518
Bitcoin,2024-05-24,2024-05-05,0.0049887877,0.008743394631565593
Bitcoin,2024-05-25,2024-05-05,0.004647091,0.010738658385818667
Bitcoin,2024-05-26,2024-05-05,0.0046899696,-0.010855523021945146
Bitcoin,2024-05-27,2024-05-05,0.0049411114,0.012710549029785412
Bitcoin,2024-05-28,2024-05-05,0.0045385435,-0.015953999081983028
Bitcoin,2024-05-29,2024-05-05,0.004946106,-0.01057052909384737
Bitcoin,2024-05-30,2024-05-05,0.0045028646,0.011577009942840277
Bitcoin,2024-05-31,2024-05-05,0.00501054,-0.012860492844415816
Bitcoin,2024-06-01,2024-05-05,0.004496091,0.003188258141896938
Bitcoin,2024-06-02,2024-05-05,0.004701674,0.000659449923622546
Bitcoin,2024-06-03,2024-05-05,0.004972169,0.015425138695029261
Bitcoin,2024-06-04,2024-05-05,0.004775912,0.02530022531977849
Bitcoin,2024-06-05,2024-06-04,0.0011887297,0.007272217710578843
Bitcoin,2024-06-06,2024-06-04,0.0006405195,-0.0045918902721791
Bitcoin,2024-06-07,2024-06-04,-7.704168e-05,-0.02019455700850692
Bitcoin,2024-06-08,2024-06-04,0.0010335927,-0.0005310196388865762
Bitcoin,2024-06-09,2024-06-04,0.00010070286,0.004925659126412185
Bitcoin,2024-06-10,2024-06-04,-3.966561e-05,-0.001950427081917283
Bitcoin,2024-06-11,2024-06-04,0.0004798296,-0.03186737491787994
Bitcoin,2024-06-12,2024-06-04,0.00066955056,0.013412234174300153
Bitcoin,2024-06-13,2024-06-04,-3.3746008e-05,-0.021998155383711193
Bitcoin,2024-06-14,2024-06-04,0.00096827844,-0.011227334442837744
Bitcoin,2024-06-15,2024-06-04,5.5355253e-05,0.0027216870164856743
Bitcoin,2024-06-16,2024-06-04,0.000418316,0.006746193196230266
Bitcoin,2024-06-17,2024-06-04,-0.00011052168,-0.0022346697985646813
Bitcoin,2024-06-18,2024-06-04,-1.3137353e-05,-0.020505772015919632
Bitcoin,2024-06-19,2024-06-04,0.0008272963,-0.0027739873807881565
Bitcoin,2024-06-20,2024-06-04,0.0006311445,-0.002028534354682421
Bitcoin,2024-06-21,2024-06-04,0.00042564538,-0.01136266405648989
Bitcoin,2024-06-22,2024-06-04,0.0005854538,0.0024367818783943562
Bitcoin,2024-06-23,2024-06-04,0.0010023224,-0.016821441360679756
Bitcoin,2024-06-24,2024-06-04,0.0013400954,-0.047042934114024604
Bitcoin,2024-06-25,2024-06-04,0.00056142523,0.025020978712232633
Bitcoin,2024-06-26,2024-06-04,0.00031822023,-0.016203198406627095
Bitcoin,2024-06-27,2024-06-04,0.0012761541,0.012964547904832813
Bitcoin,2024-06-28,2024-06-04,0.001276867,-0.021073811967598388
Bitcoin,2024-06-29,2024-06-04,0.0012288654,0.009359920105557862
Bitcoin,2024-06-30,2024-06-04,0.000715223,0.02898927269007956
Bitcoin,2024-07-01,2024-06-04,0.00023672334,0.0027672625268486684
Bitcoin,2024-07-02,2024-06-04,0.0012460602,-0.013180175995570309
Bitcoin,2024-07-03,2024-06-04,0.0001545857,-0.030363202504132047
Bitcoin,2024-07-04,2024-06-04,0.0006379195,-0.05457904894968735
Bitcoin,2024-07-05,2024-07-04,-0.0006216727,-0.005549607928506006
Bitcoin,2024-07-06,2024-07-04,-0.0012206694,0.028552385582209183
Bitcoin,2024-07-07,2024-07-04,-0.0020254443,-0.043009217056914295
Bitcoin,2024-07-08,2024-07-04,-0.0007495135,0.015210533767259449
Bitcoin,2024-07-09,2024-07-04,-0.001815774,0.022737964002921274
Bitcoin,2024-07-10,2024-07-04,-0.001925505,-0.004608673391693685
Bitcoin,2024-07-11,2024-07-04,-0.001323058,-0.006909245956920884
Bitcoin,2024-07-12,2024-07-04,-0.0012328853,0.009623984536931474
Bitcoin,2024-07-13,2024-07-04,-0.0019586321,0.022753003391763116
Bitcoin,2024-07-14,2024-07-04,-0.00088275596,0.025927850199156666
Bitcoin,2024-07-15,2024-07-04,-0.0018559657,0.06499862031660797
Bitcoin,2024-07-16,2024-07-04,-0.0015739102,0.0034931298788851706
Bitcoin,2024-07-17,2024-07-04,-0.0018947858,-0.015143242473731888
Bitcoin,2024-07-18,2024-07-04,-0.0019743247,-0.002259714121230161
Bitcoin,2024-07-19,2024-07-04,-0.0009909892,0.041879420051017746
Bitcoin,2024-07-20,2024-07-04,-0.001197682,0.00677494638555487
Bitcoin,2024-07-21,2024-07-04,-0.0013658998,0.014645375369601865
Bitcoin,2024-07-22,2024-07-04,-0.0012596005,-0.008387766726793089
Bitcoin,2024-07-23,2024-07-04,-0.00094947475,-0.024831503470444716
Bitcoin,2024-07-24,2024-07-04,-0.00051222555,-0.008462196671660038
Bitcoin,2024-07-25,2024-07-04,-0.0014529717,0.006177613680181437
Bitcoin,2024-07-26,2024-07-04,-0.0015450427,0.03193999223120514
Bitcoin,2024-07-27,2024-07-04,-0.00054278097,-0.001454798859272799
Bitcoin,2024-07-28,2024-07-04,-0.0005591676,0.006504525639432046
Bitcoin,2024-07-29,2024-07-04,-0.0006594518,-0.021262245738128627
Bitcoin,2024-07-30,2024-07-04,-0.0012096355,-0.009305346117731261
Bitcoin,2024-07-31,2024-07-04,-0.0015768204,-0.024183450653014305
Bitcoin,2024-08-01,2024-07-04,-0.00061260094,0.011359846111043126
Bitcoin,2024-08-02,2024-07-04,-0.0018103849,-0.06221701380381184
Bitcoin,2024-08-03,2024-07-04,-0.0011726194,-0.012039486853144155
Bitcoin,2024-08-04,2024-08-03,-2225.521,-0.04315788276722721
Bitcoin,2024-08-05,2024-08-03,-3869.06,-0.07363198580133457
Bitcoin,2024-08-06,2024-08-03,-3823.6245,0.03713846518919084
Bitcoin,2024-08-07,2024-08-03,12414.89,-0.01813194564291365
Bitcoin,2024-08-08,2024-08-03,-248.50018,0.11461585740778091
Bitcoin,2024-08-09,2024-08-03,1600.0625,-0.01354163359345506
Bitcoin,2024-08-10,2024-08-03,3782.015,0.0010785754501512201
Bitcoin,2024-08-11,2024-08-03,1250.7323,-0.037213546438286116
Bitcoin,2024-08-12,2024-08-03,-3019.1917,0.010756599639696773
Bitcoin,2024-08-13,2024-08-03,-3506.797,0.020924539254746577
Bitcoin,2024-08-14,2024-08-03,8030.2114,-0.031378301474816794
Bitcoin,2024-08-15,2024-08-03,-2980.4817,-0.0202448620107063
Bitcoin,2024-08-16,2024-08-03,-1967.6996,0.02291143005741958
Bitcoin,2024-08-17,2024-08-03,-1228.8906,0.009881840679085485
Bitcoin,2024-08-18,2024-08-03,2203.1145,-0.016870238053639852
Bitcoin,2024-08-19,2024-08-03,-5150.347,0.017113663704169113
Bitcoin,2024-08-20,2024-08-03,1216.2098,-0.008112024667619622
Bitcoin,2024-08-21,2024-08-03,4190.0186,0.03598748781486982
Bitcoin,2024-08-22,2024-08-03,-1617.5856,-0.01305211420824648
Bitcoin,2024-08-23,2024-08-03,6213.625,0.05966667785083146
Bitcoin,2024-08-24,2024-08-03,1036.2395,0.0013196308325369444
Bitcoin,2024-08-25,2024-08-03,-1208.1232,0.0024052261410201226
Bitcoin,2024-08-26,2024-08-03,2171.5073,-0.022842512038929286
Bitcoin,2024-08-27,2024-08-03,2260.0857,-0.05519287766255765
Bitcoin,2024-08-28,2024-08-03,-3306.8203,-0.008040214467254003
Bitcoin,2024-08-29,2024-08-03,-4959.297,0.00608965678483564
Bitcoin,2024-08-30,2024-08-03,1508.7866,-0.00453478870440982
Bitcoin,2024-08-31,2024-08-03,-1172.5706,-0.002533304964902783
Bitcoin,2024-09-01,2024-08-03,-1881.4452,-0.02828177132191989
Bitcoin,2024-09-02,2024-08-03,86.71845,0.030696731125599896
Bitcoin,2024-09-03,2024-09-02,-0.0017166309,-0.02885744221431885
Bitcoin,2024-09-04,2024-09-02,-0.0017508966,0.009367548880181431
Bitcoin,2024-09-05,2024-09-02,-0.0018996565,-0.03173873012462458
Bitcoin,2024-09-06,2024-09-02,-0.0019634222,-0.040178859813773116
Bitcoin,2024-09-07,2024-09-02,-0.0019599376,0.003532917786660761
Bitcoin,2024-09-08,2024-09-02,-0.0021943236,0.012880905464081494
Bitcoin,2024-09-09,2024-09-02,-0.0018286504,0.03894551366283494
Bitcoin,2024-09-10,2024-09-02,-0.0020245956,0.010973955136993396
Bitcoin,2024-09-11,2024-09-02,-0.0018435504,-0.005314110379552872
Bitcoin,2024-09-12,2024-09-02,-0.0019405739,0.013576697563710383
Bitcoin,2024-09-13,2024-09-02,-0.0019853911,0.0411907228651085
Bitcoin,2024-09-14,2024-09-02,-0.0018082458,-0.00939128633039843
Bitcoin,2024-09-15,2024-09-02,-0.0020552115,-0.013798343674682911
Bitcoin,2024-09-16,2024-09-02,-0.0018455914,-0.016874951741382205
Bitcoin,2024-09-17,2024-09-02,-0.001804497,0.03571708866221357
Bitcoin,2024-09-18,2024-09-02,-0.002048648,0.021994330650400684
Bitcoin,2024-09-19,2024-09-02,-0.0020298087,0.020721118993504817
Bitcoin,2024-09-20,2024-09-02,-0.002046043,0.004004011627703363
Bitcoin,2024-09-21,2024-09-02,-0.001978923,0.0031893029968870223
Bitcoin,2024-09-22,2024-09-02,-0.0021864255,0.00399660488645992
Bitcoin,2024-09-23,2024-09-02,-0.002186406,-0.005023067702094153
Bitcoin,2024-09-24,2024-09-02,-0.0019955323,0.015234244191923096
Bitcoin,2024-09-25,2024-09-02,-0.0023124474,-0.018185964578684377
Bitcoin,2024-09-26,2024-09-02,-0.0020079082,0.03176403065624278
Bitcoin,2024-09-27,2024-09-02,-0.0023838636,0.00930962962985582
Bitcoin,2024-09-28,2024-09-02,-0.0019383518,0.0014730504317039816
Bitcoin,2024-09-29,2024-09-02,-0.0023324955,-0.0038372626774680896
Bitcoin,2024-09-30,2024-09-02,-0.0021610768,-0.03576247708765656
Bitcoin,2024-10-01,2024-09-02,-0.0019713081,-0.04015297045834387
Bitcoin,2024-10-02,2024-09-02,-0.0020660101,-0.0033625288629970385
Bitcoin,2024-10-03,2024-10-02,0.003686642,0.0020860852502089244
Bitcoin,2024-10-04,2024-10-02,0.00450234,0.02130028358082825
Bitcoin,2024-10-05,2024-10-02,0.004102832,0.00036200267691199883
Bitcoin,2024-10-06,2024-10-02,0.0036153814,0.011672701842979194
Bitcoin,2024-10-07,2024-10-02,0.0045392564,-0.009312611612411814
Bitcoin,2024-10-08,2024-10-02,0.0040364433,-0.0016835665978742753
Bitcoin,2024-10-09,2024-10-02,0.004634045,-0.02526115550972996
Bitcoin,2024-10-10,2024-10-02,0.0035585845,-0.00509036693468623
Bitcoin,2024-10-11,2024-10-02,0.0032225915,0.035378479300394616
Bitcoin,2024-10-12,2024-10-02,0.0030035507,0.011906298431870965
Bitcoin,2024-10-13,2024-10-02,0.0043346854,-0.005421094168919893
Bitcoin,2024-10-14,2024-10-02,0.003067578,0.04958054928829014
Bitcoin,2024-10-15,2024-10-02,0.0050011855,0.014952642496620427
Bitcoin,2024-10-16,2024-10-02,0.003630533,0.00849010847286813
Bitcoin,2024-10-17,2024-10-02,0.003060863,-0.0031535287501345266
Bitcoin,2024-10-18,2024-10-02,0.005024404,0.015004896976032356
Bitcoin,2024-10-19,2024-10-02,0.0050104954,-0.0008196236118482858
Bitcoin,2024-10-20,2024-10-02,0.004750358,0.00930333018126106
Bitcoin,2024-10-21,2024-10-02,0.0030124083,-0.023963263030873705
Bitcoin,2024-10-22,2024-10-02,0.0038544657,-9.567795606812979e-05
Bitcoin,2024-10-23,2024-10-02,0.0049810875,-0.013890438251332071
Bitcoin,2024-10-24,2024-10-02,0.003222228,0.02569154804176499
Bitcoin,2024-10-25,2024-10-02,0.0037909544,-0.0225321335469868
Bitcoin,2024-10-26,2024-10-02,0.0047684773,0.00557070573345797
Bitcoin,2024-10-27,2024-10-02,0.0047167586,0.01355548416847796
Bitcoin,2024-10-28,2024-10-02,0.0037998992,0.028709214993190457
Bitcoin,2024-10-29,2024-10-02,0.0051139756,0.03944659064790201
Bitcoin,2024-10-30,2024-10-02,0.003285531,-0.005252363487125322
Bitcoin,2024-10-31,2024-10-02,0.004140904,-0.029806220862365507
Bitcoin,2024-11-01,2024-10-02,0.004742956,-0.010490161236779372
Bitcoin,2024-11-02,2024-11-01,0.0022177377,-0.002784362749448377
Bitcoin,2024-11-03,2024-11-01,0.0027560927,-0.007942586109962235
Bitcoin,2024-11-04,2024-11-01,0.00097446353,-0.013615611435501052
Bitcoin,2024-11-05,2024-11-01,0.0015292075,0.022572112527798893
Bitcoin,2024-11-06,2024-11-01,0.0021952824,0.08666903133456749
Bitcoin,2024-11-07,2024-11-01,0.0033913036,0.0035076496872470386
Bitcoin,2024-11-08,2024-11-01,0.0006959847,0.008404323240783995
Bitcoin,2024-11-09,2024-11-01,0.0013351622,0.003044406446557346
Bitcoin,2024-11-10,2024-11-01,-0.0010006255,0.04700704533928324
Bitcoin,2024-11-11,2024-11-01,0.002825321,0.09734014318133077
Bitcoin,2024-11-12,2024-11-01,0.0005690091,-0.008442066325475395
Bitcoin,2024-11-13,2024-11-01,0.00031622394,0.02944485046016254
Bitcoin,2024-11-14,2024-11-01,-0.00067476113,-0.03749692226255874
Bitcoin,2024-11-15,2024-11-01,0.0016994122,0.04280211823532021
Bitcoin,2024-11-16,2024-11-01,-0.0045581134,-0.0055888122442731
Bitcoin,2024-11-17,2024-11-01,-0.004634564,-0.007900350440536386
Bitcoin,2024-11-18,2024-11-01,-0.00014947366,0.007725465489123451
Bitcoin,2024-11-19,2024-11-01,-0.0015141384,0.01969754310135663
Bitcoin,2024-11-20,2024-11-01,-8.087652e-05,0.021381445052005787
Bitcoin,2024-11-21,2024-11-01,-0.0004571667,0.04320463733033186
Bitcoin,2024-11-22,2024-11-01,-0.003532734,0.004991722095187612
Bitcoin,2024-11-23,2024-11-01,-0.00093992846,-0.012404002504540657
Bitcoin,2024-11-24,2024-11-01,-0.0013560355,0.0024162403009722055
Bitcoin,2024-11-25,2024-11-01,-0.0044754473,-0.051409637214080206
Bitcoin,2024-11-26,2024-11-01,-0.0002666734,-0.012069852615162802
Bitcoin,2024-11-27,2024-11-01,-0.001561011,0.04232881333213534
Bitcoin,2024-11-28,2024-11-01,-0.0012940404,-0.0032363100031336245
Bitcoin,2024-11-29,2024-11-01,0.00036540977,0.018736162932858846
Bitcoin,2024-11-30,2024-11-01,-0.00066242553,-0.010442730464827576
Bitcoin,2024-12-01,2024-11-01,-0.00037644408,0.008576311568671002
