unique_id,ds,cutoff,y,AutoARIMA,AutoARIMA-lo-95,AutoARIMA-hi-95,AutoTheta,AutoTheta-lo-95,AutoTheta-hi-95
Bitcoin,2024-01-17,2024-01-16,42742.65234,43154.94531,41039.32362925,45270.566990750005,43187.009705164404,41045.403788699194,45328.615621629615
Bitcoin,2024-01-18,2024-01-16,41262.05859,43154.94531,41551.387937,44758.502683000006,43033.26022884988,41327.404620860354,44739.11583683941
Bitcoin,2024-01-19,2024-01-16,41618.40625,43154.94531,41194.279976750004,45115.61064325,43023.4819918719,40968.163799441776,45078.80018430202
Bitcoin,2024-01-20,2024-01-16,41665.58594,43154.94531,41139.10566025,45170.78495975,43006.65227495567,40925.97919713388,45087.32535277746
Bitcoin,2024-01-21,2024-01-16,41545.78516,43154.94531,40952.73671375,45357.15390625,43070.93255409149,40759.365983738055,45382.49912444491
Bitcoin,2024-01-22,2024-01-16,39507.36719,43154.94531,38992.896724750004,47316.99389525,43086.62266630414,38785.5947047033,47387.65062790498
Bitcoin,2024-01-23,2024-01-16,39845.55078,43154.94531,37650.071439750005,48659.81918025,43123.08557814391,37509.58200678058,48736.589149507236
Bitcoin,2024-01-24,2024-01-23,40077.07422,39845.55078,37729.929099249995,41961.17246075,39873.90900450173,37732.72147608391,42015.096532919546
Bitcoin,2024-01-25,2024-01-23,39933.80859,39845.55078,38239.569236999996,41451.532323,39743.84500396853,38052.5333716664,41435.15663627065
Bitcoin,2024-01-26,2024-01-23,41816.87109,39845.55078,37904.57968625,41786.521873749996,39707.47555910446,37656.96712214274,41757.98399606617
Bitcoin,2024-01-27,2024-01-23,42120.05469,39845.55078,37829.71113025,41861.39042975,39687.53406359837,37594.96969848819,41780.098428708545
Bitcoin,2024-01-28,2024-01-23,42035.59375,39845.55078,37643.34218374999,42047.75937625,39716.95498545766,37408.57660465462,42025.3333662607
Bitcoin,2024-01-29,2024-01-23,43288.24609,39845.55078,35683.50219475,44007.59936525,39731.34721855935,35433.72731267672,44028.96712444198
Bitcoin,2024-01-30,2024-01-23,42952.60938,39845.55078,34340.67690975,45350.424650249995,39758.72085288608,34142.89003064729,45374.55167512486
Bitcoin,2024-01-31,2024-01-30,42582.60547,42952.60938,40836.98769925,45068.231060750004,43027.88487022174,40869.971814308374,45185.7979261351
Bitcoin,2024-02-01,2024-01-30,43075.77344,42952.60938,41346.627837,44558.590923,42862.67504181211,41165.20526154558,44560.14482207863
Bitcoin,2024-02-02,2024-01-30,43185.85938,42952.60938,40948.408015249996,44956.81074475,42827.7582672398,40679.8301673848,44975.6863670948
Bitcoin,2024-02-03,2024-01-30,42992.25,42952.60938,40652.534376250005,45252.68438375,42810.19217552302,40350.86609045386,45269.51826059218
Bitcoin,2024-02-04,2024-01-30,42583.58203,42952.60938,40708.73096075,45196.487799250004,42863.01024371426,40502.691881358034,45223.32860607049
Bitcoin,2024-02-05,2024-01-30,42658.66797,42952.60938,38790.56079475,47114.65796525,42867.32053987555,38575.779623391376,47158.86145635973
Bitcoin,2024-02-06,2024-01-30,43084.67188,42952.60938,37447.735509750004,48457.48325025,42888.65099164875,37269.81959975408,48507.48238354341
Bitcoin,2024-02-07,2024-02-06,44318.22266,43084.67188,40969.05019925,45200.293560750004,43130.741477904485,40966.64634688419,45294.83660892478
Bitcoin,2024-02-08,2024-02-06,45301.56641,43084.67188,41478.690337,44690.653423,42978.35831466122,41293.481903093096,44663.23472622935
Bitcoin,2024-02-09,2024-02-06,47147.19922,43084.67188,41080.470515249996,45088.87324475,42948.942462090185,40815.36304078187,45082.5218833985
Bitcoin,2024-02-10,2024-02-06,47771.27734,43084.67188,40784.596876250005,45384.74688375,42932.96960715321,40489.9635431564,45375.975671150016
Bitcoin,2024-02-11,2024-02-06,48293.91797,43084.67188,40840.79346075,45328.550299250004,42994.303828633005,40658.4609754065,45330.14668185951
Bitcoin,2024-02-12,2024-02-06,49958.22266,43084.67188,38922.62329475,47246.72046525,42966.59537071683,38667.84746355159,47265.34327788207
Bitcoin,2024-02-13,2024-02-06,49742.44141,43084.67188,37579.798009750004,48589.54575025,42991.86673339887,37371.015799952016,48612.717666845725
Bitcoin,2024-02-14,2024-02-13,51826.69531,49742.44141,47626.81972925,51858.06309075,49825.19601983266,47663.4132148933,51986.97882477203
Bitcoin,2024-02-15,2024-02-13,51938.55469,49742.44141,47841.454494749996,51643.42832525,49641.55499865979,47855.464598559985,51427.645398759596
Bitcoin,2024-02-16,2024-02-13,52160.20313,49742.44141,46436.479789,53048.403031,49619.62928954996,46407.43022069203,52831.82835840788
Bitcoin,2024-02-17,2024-02-13,51662.99609,49742.44141,46410.362305,53074.520515,49606.26804096232,46384.25369328617,52828.282388638465
Bitcoin,2024-02-18,2024-02-13,52122.54688,49742.44141,45377.335841249995,54107.546978750004,49669.51384311224,45340.16197772347,53998.86570850101
Bitcoin,2024-02-19,2024-02-13,51779.14453,49742.44141,45016.87846875,54468.00435125,49646.36939362066,44785.00986745535,54507.72891978597
Bitcoin,2024-02-20,2024-02-13,52284.875,49742.44141,43482.67373425,56002.20908575,49676.15602404133,43290.48051297668,56061.83153510598
Bitcoin,2024-02-21,2024-02-20,51839.17969,52284.875,50169.25331925,54400.49668075,52336.41439138616,50196.33956817754,54476.48921459479
Bitcoin,2024-02-22,2024-02-20,51304.97266,52284.875,50088.24218875,54481.50781125,52152.74127654055,49847.55367855616,54457.92887452494
Bitcoin,2024-02-23,2024-02-20,50731.94922,52284.875,48978.913379,55590.836621,52109.81811405336,48919.0051403545,55300.63108775222
Bitcoin,2024-02-24,2024-02-20,51571.10156,52284.875,48952.795895,55616.954105,52089.66904019311,48890.45259313817,55288.88548724805
Bitcoin,2024-02-25,2024-02-20,51733.23828,52284.875,47919.769431249995,56649.980568750005,52145.74884063113,47848.60134960203,56442.89633166023
Bitcoin,2024-02-26,2024-02-20,54522.40234,52284.875,47559.31205875,57010.43794125,52144.21400735012,47267.23485756901,57021.19315713123
Bitcoin,2024-02-27,2024-02-20,57085.37109,52284.875,46025.10732425,58544.64267575,52196.3977765913,45808.29803984327,58584.49751333933
Bitcoin,2024-02-28,2024-02-27,62504.78906,57085.37109,54969.74940925,59200.99277075,57082.214171686996,54931.092155816754,59233.33618755724
Bitcoin,2024-02-29,2024-02-27,61198.38281,57085.37109,54888.73827875,59282.00390125,56886.40680371276,54588.89526740691,59183.91834001861
Bitcoin,2024-03-01,2024-02-27,62440.63281,57085.37109,53779.409469,60391.332711,56835.18322231496,53640.67841929136,60029.68802533856
Bitcoin,2024-03-02,2024-02-27,62029.84766,57085.37109,53753.291985,60417.450195,56816.53159209514,53613.06575065893,60019.99743353135
Bitcoin,2024-03-03,2024-02-27,63167.37109,57085.37109,52720.265521249996,61450.476658750005,56897.00588245813,52587.7403241799,61206.27144073636
Bitcoin,2024-03-04,2024-02-27,68330.41406,57085.37109,52359.80814875,61810.93403125,56862.037413209764,51977.59872882829,61746.476097591236
Bitcoin,2024-03-05,2024-02-27,63801.19922,57085.37109,50825.60341425,63345.13876575,56937.92199264152,50554.64807040386,63321.19591487917
Bitcoin,2024-03-06,2024-03-05,66106.80469,63801.19922,61381.34590575001,66221.05253424999,64101.727405016194,61722.44374831366,66481.01106171873
Bitcoin,2024-03-07,2024-03-05,66925.48438,63801.19922,61536.90176025,66065.49667975,63886.95902653147,61508.17123721947,66265.74681584346
Bitcoin,2024-03-08,2024-03-05,68300.09375,63801.19922,59706.3535205,67896.04491950001,63826.3519549059,59574.18138316786,68078.52252664394
Bitcoin,2024-03-09,2024-03-05,68498.88281,63801.19922,59108.14698225,68494.25145775,63805.82953999239,58948.33520651364,68663.32387347113
Bitcoin,2024-03-10,2024-03-05,69019.78906,63801.19922,58570.13428225,69032.26415775,63875.56522577682,58529.417810358325,69221.71264119532
Bitcoin,2024-03-11,2024-03-05,72123.90625,63801.19922,56818.36113525001,70784.03730474999,63850.971387875856,56722.6738723191,70979.2689034326
Bitcoin,2024-03-12,2024-03-05,71481.28906,63801.19922,57141.978225000006,70460.420215,63934.099022823466,57180.1028454061,70688.09520024083
Bitcoin,2024-03-13,2024-03-12,73083.5,71733.98998486764,69314.13667061765,74153.84329911764,71623.43795454377,69232.45808821372,74014.4178208738
Bitcoin,2024-03-14,2024-03-12,71396.59375,71950.92927670518,69686.63181695518,74215.22673645518,71380.20783371147,68278.097873563,74482.31779385993
Bitcoin,2024-03-15,2024-03-12,69403.77344,72159.15491748965,68064.30921798965,76254.00061698965,71328.07227003382,66801.35099464939,75854.79354541826
Bitcoin,2024-03-16,2024-03-12,65315.11719,72395.84646483249,67702.7942270825,77088.89870258248,71272.31279991123,66391.69290021129,76152.93269961118
Bitcoin,2024-03-17,2024-03-12,68390.625,72624.67114356707,67393.60620581708,77855.73608131707,71368.58478422185,66011.55145552868,76725.61811291502
Bitcoin,2024-03-18,2024-03-12,67548.59375,72790.22475635265,65807.38667160264,79773.06284110264,71401.00912864035,63039.45609395757,79762.56216332312
Bitcoin,2024-03-19,2024-03-12,61912.77344,73047.54570743993,66388.32471243992,79706.76670243994,71451.81280907909,64564.8797387475,78338.74587941066
Bitcoin,2024-03-20,2024-03-19,67913.67188,61912.77344,59492.92012575,64332.62675424999,62277.186574867905,59883.62377237463,64670.74937736118
Bitcoin,2024-03-21,2024-03-19,65491.39063,61912.77344,58763.77011600001,65061.77676399999,62061.865314922354,58964.911897911166,65158.81873193354
Bitcoin,2024-03-22,2024-03-19,63778.76172,61912.77344,57392.46973025,66433.07714975,62004.16367377769,57477.614985886605,66530.71236166879
Bitcoin,2024-03-23,2024-03-19,64062.20313,61912.77344,56886.357996607556,66939.18888339243,61937.89712854398,56669.327772792814,67206.46648429515
Bitcoin,2024-03-24,2024-03-19,67234.17188,61912.77344,56241.440776246964,67584.10610375303,62032.227000243096,56667.29367553644,67397.16032494974
Bitcoin,2024-03-25,2024-03-19,69958.8125,61912.77344,53517.0080115,70308.53886849999,62089.582241715965,53742.423056189225,70436.7414272427
Bitcoin,2024-03-26,2024-03-19,69987.83594,61912.77344,54098.202988225596,69727.34389177439,62124.35513888286,54524.22134196822,69724.48893579749
Bitcoin,2024-03-27,2024-03-26,69455.34375,70347.70441942863,64913.74943767863,75781.65940117864,70167.21127985866,64715.45480823576,75618.96775148156
Bitcoin,2024-03-28,2024-03-26,70744.95313,70563.56538032317,66971.58832707317,74155.54243357317,69923.7968765122,66519.26865385467,73328.32509916974
Bitcoin,2024-03-29,2024-03-26,69892.82813,70863.08641252699,66768.24071302699,74957.93211202699,69827.76428944075,65311.262833710054,74344.26574517145
Bitcoin,2024-03-30,2024-03-26,69645.30469,70916.86517125381,65901.9806803281,75931.74966217953,69753.0781842742,64482.07957714655,75024.07679140184
Bitcoin,2024-03-31,2024-03-26,71333.64844,71348.7265155677,66008.31303656769,76689.13999456771,69899.77045728781,64541.19255609963,75258.348358476
Bitcoin,2024-04-01,2024-03-26,69702.14844,71492.01522570946,63366.001067959456,79618.02938345945,69966.06913857003,61629.57392716179,78302.56434997827
Bitcoin,2024-04-02,2024-03-26,65446.97266,71524.50946448649,63343.231563328554,79705.78736564443,69975.32976908892,62123.13417652507,77827.52536165276
Bitcoin,2024-04-03,2024-04-02,65980.8125,65770.12326416535,60336.16828241535,71204.07824591534,65872.1650933522,60426.481440842894,71317.8487458615
Bitcoin,2024-04-04,2024-04-02,68508.84375,66149.01087905467,62557.03382580466,69740.98793230466,65649.50496349968,62212.47723658625,69086.5326904131
Bitcoin,2024-04-05,2024-04-02,67837.64063,66270.94844743244,62176.10274793244,70365.79414693244,65553.73069201107,61021.235937157915,70086.22544686422
Bitcoin,2024-04-06,2024-04-02,68896.10938,66275.39948718586,61261.55571426205,71289.24326010967,65498.04580561085,60244.723127352154,70751.36848386953
Bitcoin,2024-04-07,2024-04-02,69362.55469,66452.41259556342,61111.99911656343,71792.82607456342,65623.9902109952,60266.59446764854,70981.38595434184
Bitcoin,2024-04-08,2024-04-02,71631.35938,66632.42601024598,58506.41185249598,74758.44016799598,65695.5623002765,57342.187430212085,74048.93717034093
Bitcoin,2024-04-09,2024-04-02,69139.01563,66798.21779921366,58618.79235447431,74977.64324395299,65704.00287693838,57792.83419478984,73615.17155908691
Bitcoin,2024-04-10,2024-04-09,70587.88281,69378.2903830964,64107.589033845594,74648.99173234722,69488.31503599482,64070.843005154355,74905.78706683528
Bitcoin,2024-04-11,2024-04-09,70060.60938,69818.9869457234,67233.75966100974,72404.21423043706,69252.20976960602,65819.08643667048,72685.33310254157
Bitcoin,2024-04-12,2024-04-09,67195.86719,69884.33757598279,65808.14833411982,73960.52681784576,69142.73455971337,64619.49440429531,73665.97471513142
Bitcoin,2024-04-13,2024-04-09,63821.47266,70167.933335263,65407.79509465636,74928.07157586966,69077.73950743378,63834.27839250819,74321.20062235938
Bitcoin,2024-04-14,2024-04-09,65738.72656,70368.86985021037,65455.79283696158,75281.94686345915,69225.74520799947,63879.443530656135,74572.0468853428
Bitcoin,2024-04-15,2024-04-09,63426.21094,70437.16138583304,63487.50734101846,77386.81543064762,69296.43919820737,60959.39318980209,77633.48520661265
Bitcoin,2024-04-16,2024-04-09,63811.86328,70313.39766001175,63519.835302898224,77106.96001712525,69252.89037149069,61333.55104299397,77172.22969998742
Bitcoin,2024-04-17,2024-04-16,61276.69141,63784.46815652028,58350.513174770276,69218.42313827029,64001.51915059937,58567.97232237815,69435.06597882061
Bitcoin,2024-04-18,2024-04-16,63512.75391,63786.4141911028,60194.437137852794,67378.3912443528,63782.30623440178,60395.527565633754,67169.08490316982
Bitcoin,2024-04-19,2024-04-16,63843.57031,63786.27595297443,59691.43025347443,67881.12165247442,63682.41357370632,59191.483166384605,68173.34398102804
Bitcoin,2024-04-20,2024-04-16,64994.44141,63786.28577283082,57305.040025565235,70267.53152009643,63609.01482240639,58304.18736156562,68913.84228324716
Bitcoin,2024-04-21,2024-04-16,64926.64453,63786.28507526944,58445.87159626945,69126.69855426945,63786.278995200555,58454.92774753426,69117.63024286686
Bitcoin,2024-04-22,2024-04-16,66837.67969,63786.285124821276,55660.27096707127,71912.29928257127,63858.99146204028,55569.65269571144,72148.33022836912
Bitcoin,2024-04-23,2024-04-16,66407.27344,63786.28512130132,55596.63652713444,71975.9337154682,63791.56602987027,55951.98468360929,71631.14737613125
Bitcoin,2024-04-24,2024-04-23,64276.89844,66581.14360025659,61147.18861850659,72015.0985820066,66634.82727925344,61213.15570335704,72056.49885514984
Bitcoin,2024-04-25,2024-04-23,64481.70703,66780.52135321034,63188.54429996033,70372.49840646033,66431.20665526387,63075.213254276394,69787.20005625134
Bitcoin,2024-04-26,2024-04-23,63755.32031,66871.05034781167,62776.20464831167,70965.89604731167,66329.63698861678,61890.90035448801,70768.37362274555
Bitcoin,2024-04-27,2024-04-23,63419.14063,67062.51139632202,60560.345872562466,73564.67692008158,66265.23805269558,60925.724950704345,71604.75115468682
Bitcoin,2024-04-28,2024-04-23,63113.23047,67183.9454471791,61531.79031986993,72836.10057448826,66461.1546039195,61158.06224638725,71764.24696145173
Bitcoin,2024-04-29,2024-04-23,63841.12109,67344.14028198643,59218.12612423643,75470.15443973642,66488.73407769264,58250.74338371023,74726.72477167504
Bitcoin,2024-04-30,2024-04-23,60636.85547,67486.47670042989,59286.035088022785,75686.91831283698,66424.03925978602,58595.84795109775,74252.23056847429
Bitcoin,2024-05-01,2024-04-30,58254.01172,60885.772433060985,55725.007726136944,66046.53713998503,60993.65336322719,55584.12891168645,66403.17781476793
Bitcoin,2024-05-02,2024-04-30,59123.43359,60866.43581686014,58006.91223978067,63725.95939393961,60826.60180976244,57377.94481636361,64275.25880316127
Bitcoin,2024-05-03,2024-04-30,62889.83594,60867.93794319778,56794.72413316494,64941.15175323062,60705.68985573536,56151.29583968887,65260.08387178185
Bitcoin,2024-05-04,2024-04-30,63891.47266,60867.821253518945,54361.06740210451,67374.57510493336,60647.42078690648,55374.04100968607,65920.80056412688
Bitcoin,2024-05-05,2024-04-30,64031.13281,60867.830318323155,55645.20756444568,66090.45307220065,60837.082900617606,55523.252498154536,66150.91330308067
Bitcoin,2024-05-06,2024-04-30,63161.94922,60867.82961414198,53477.582316719054,68258.0769115649,60871.90327260847,52507.50961123475,69236.29693398217
Bitcoin,2024-05-07,2024-04-30,62334.81641,60867.82966884488,53533.965794627235,68201.69354306253,60836.58384488669,52900.548860748044,68772.61882902533
Bitcoin,2024-05-08,2024-05-07,61187.94141,62334.81641,57076.86164627815,67592.77117372185,62537.92148581511,57194.14028986844,67881.70268176177
Bitcoin,2024-05-09,2024-05-07,63049.96094,62334.81641,59640.77174750476,65028.86107249523,62380.116470855726,58945.43306733634,65814.79987437512
Bitcoin,2024-05-10,2024-05-07,60792.77734,62334.81641,58256.8503433304,66412.7824766696,62272.92022882665,57733.539728055555,66812.30072959774
Bitcoin,2024-05-11,2024-05-07,60793.71094,62334.81641,55756.146738829404,68913.48608117059,62211.25418533938,56940.93688598241,67481.57148469635
Bitcoin,2024-05-12,2024-05-07,61448.39453,62334.81641,57110.46109631081,67559.17172368919,62392.54323886674,57108.3003868987,67676.78609083478
Bitcoin,2024-05-13,2024-05-07,62901.44922,62334.81641,54874.90405266197,69794.72876733802,62448.14415509501,54109.756084585126,70786.5322256049
Bitcoin,2024-05-14,2024-05-07,61552.78906,62334.81641,54929.69617017828,69739.9366498217,62377.495884968856,54443.67030850378,70311.32146143392
Bitcoin,2024-05-15,2024-05-14,66267.49219,61552.78906,56118.83407825,66986.74404175,61796.57186548152,56481.48907377026,67111.65465719279
Bitcoin,2024-05-16,2024-05-14,65231.58203,61552.78906,57960.81200675,65144.76611325001,61638.69646330377,58086.586518556345,65190.8064080512
Bitcoin,2024-05-17,2024-05-14,67051.875,61552.78906,57032.485350250005,66073.09276975,61503.815336299536,56880.80891127207,66126.821761327
Bitcoin,2024-05-18,2024-05-14,66940.80469,61552.78906,55669.49843864022,67436.07968135977,61453.424777041335,56189.008104568464,66717.8414495142
Bitcoin,2024-05-19,2024-05-14,66278.36719,61552.78906,55754.62086172303,67350.95725827696,61636.63396258484,56299.44192903359,66973.82599613609
Bitcoin,2024-05-20,2024-05-14,71448.19531,61552.78906,53157.02363150001,69948.5544885,61697.39567490368,53296.05483345242,70098.73651635494
Bitcoin,2024-05-21,2024-05-14,70136.53125,61552.78906,53351.02575512403,69754.55236487597,61613.749252652546,53556.30865421522,69671.18985108988
Bitcoin,2024-05-22,2024-05-21,69122.33594,70136.53125,64702.57626825,75570.48623175001,70469.81674215815,65201.679510906,75737.95397341029
Bitcoin,2024-05-23,2024-05-21,67929.5625,70136.53125,66041.81504991277,74231.24745008723,70217.51019623337,66582.84102077127,73852.17937169546
Bitcoin,2024-05-24,2024-05-21,68526.10156,70136.53125,64810.304120701454,75462.75837929854,70100.77342460459,64604.74079561884,75596.80605359034
Bitcoin,2024-05-25,2024-05-21,69265.94531,70136.53125,64795.4826472721,75477.5798527279,70024.73708445676,64515.50387378038,75533.97029513314
Bitcoin,2024-05-26,2024-05-21,68518.09375,70136.53125,64531.93662678061,75741.12587321938,70268.48114667839,64977.7426766921,75559.21961666468
Bitcoin,2024-05-27,2024-05-21,69394.55469,70136.53125,60415.190947391995,79857.87155260799,70295.70916289915,60486.38834989537,80105.02997590291
Bitcoin,2024-05-28,2024-05-21,68296.21875,70136.53125,61333.783760425344,78939.27873957466,70185.80195864158,61617.45828969676,78754.14562758639
Bitcoin,2024-05-29,2024-05-28,67578.09375,68296.21875,63069.75648028625,73522.68101971375,68588.60847349379,63290.01817446827,73887.19877251932
Bitcoin,2024-05-30,2024-05-28,68364.99219,68296.21875,64612.654590435115,71979.78290956489,68345.68831058426,64701.41441103305,71989.96221013546
Bitcoin,2024-05-31,2024-05-28,67491.41406,68296.21875,63224.00106177079,73368.43643822921,68268.26906760508,62764.91951498184,73771.61862022833
Bitcoin,2024-06-01,2024-05-28,67706.9375,68296.21875,62851.70783893621,73740.7296610638,68211.30109186904,62727.686233091,73694.91595064708
Bitcoin,2024-06-02,2024-05-28,67751.60156,68296.21875,62694.199061392785,73898.23843860722,68418.98498250206,63114.80197731943,73723.16798768469
Bitcoin,2024-06-03,2024-05-28,68804.78125,68296.21875,58368.39162151427,78224.04587848575,68458.42649525826,58644.88607210032,78271.9669184162
Bitcoin,2024-06-04,2024-05-28,70567.76563,68296.21875,59626.97633610474,76965.46116389525,68352.01952932331,59789.836514236296,76914.20254441032
Bitcoin,2024-06-05,2024-06-04,71082.82031,70567.76563,65326.13034494434,75809.40091505564,70700.86990560748,65378.573200064864,76023.16661115011
Bitcoin,2024-06-06,2024-06-04,70757.16406,70567.76563,66681.03556872984,74454.49569127015,70437.27367741856,66742.37341238794,74132.17394244917
Bitcoin,2024-06-07,2024-06-04,69342.58594,70567.76563,65483.45032466293,75652.08093533706,70374.3371815633,64860.17268330172,75888.5016798249
Bitcoin,2024-06-08,2024-06-04,69305.77344,70567.76563,65175.19035444751,75960.34090555247,70326.44168085528,64820.84052619517,75832.04283551539
Bitcoin,2024-06-09,2024-06-04,69647.99219,70567.76563,64918.57743716494,76216.95382283504,70540.97718454975,65233.61502498418,75848.33934411532
Bitcoin,2024-06-10,2024-06-04,69512.28125,70567.76563,60922.719278009,80212.811981991,70612.40163039863,60796.814773957725,80427.98848683953
Bitcoin,2024-06-11,2024-06-04,67332.03125,70567.76563,61888.17649718856,79247.35476281143,70498.78676940185,61933.91620539174,79063.65733341195
Bitcoin,2024-06-12,2024-06-11,68241.1875,67399.4258676401,61967.42790980519,72831.423825475,67633.92513867533,62317.27743270959,72950.57284464106
Bitcoin,2024-06-13,2024-06-11,66756.39844,67576.45828772787,63901.39831316764,71251.51826228811,67392.12894352789,63711.571448520444,71072.68643853533
Bitcoin,2024-06-14,2024-06-11,66011.09375,67438.54392325622,62333.37317999697,72543.71466651547,67327.09481076355,61832.75401287478,72821.4356086523
Bitcoin,2024-06-15,2024-06-11,66191.0,67355.9288637455,61191.08865544786,73520.76907204314,67316.08920069969,61854.60395891678,72777.5744424826
Bitcoin,2024-06-16,2024-06-11,66639.04688,67341.36700850943,62014.617698559596,72668.11631845927,67478.21645917078,62185.78637586342,72770.64654247815
Bitcoin,2024-06-17,2024-06-11,66490.29688,67702.65730622192,57584.11663323242,77821.19797921143,67541.27012820583,57728.051465789205,77354.48879062245
Bitcoin,2024-06-18,2024-06-11,65140.74609,67883.76130345544,59321.75659817818,76445.7660087327,67437.84941710404,58870.38744132207,76005.311392886
Bitcoin,2024-06-19,2024-06-18,64960.29688,65140.74609,59706.79110825,70574.70107175001,65393.07259009409,60061.935454317165,70724.20972587101
Bitcoin,2024-06-20,2024-06-18,64828.65625,65140.74609,61451.097651250006,68830.39452875,65151.250802534865,61451.869426327576,68850.63217874215
Bitcoin,2024-06-21,2024-06-18,64096.19922,65140.74609,59781.8887645,70499.60341550001,65098.88901417045,59597.78338383127,70599.99464450963
Bitcoin,2024-06-22,2024-06-18,64252.57813,65140.74609,59678.33731865372,70603.15486134628,65080.91522959397,59602.03540062473,70559.79505856322
Bitcoin,2024-06-23,2024-06-18,63180.79688,65140.74609,59592.03472614845,70689.45745385154,65234.10327250774,59914.44074883539,70553.76579618009
Bitcoin,2024-06-24,2024-06-18,60277.41406,65140.74609,55211.598922000005,75069.893258,65341.72288608423,55544.78070905218,75138.66506311628
Bitcoin,2024-06-25,2024-06-18,61804.64063,65140.74609,56450.02627159286,73831.46590840713,65214.64465266603,56646.21969035278,73783.06961497926
Bitcoin,2024-06-26,2024-06-25,60811.27734,61812.51815182114,56378.56317007114,67246.47313357114,61950.89409898836,56633.29262176567,67268.49557621106
Bitcoin,2024-06-27,2024-06-25,61604.80078,61483.14766661318,57500.73839038294,65465.55694284342,61711.44565930908,58005.75675230631,65417.13456631185
Bitcoin,2024-06-28,2024-06-25,60320.13672,61342.56265516326,56186.021271778736,66499.10403854778,61704.16207831045,56243.284403207464,67165.03975341342
Bitcoin,2024-06-29,2024-06-25,60887.37891,61379.36550550284,56038.157753273656,66720.57325773202,61690.58273102308,56243.80961792038,67137.35584412578
Bitcoin,2024-06-30,2024-06-25,62678.29297,61507.63124397683,56167.217764976835,66848.04472297683,61807.69762621351,56501.07052560245,67114.32472682455
Bitcoin,2024-07-01,2024-06-25,62851.98047,61527.8960578403,51671.00599134703,71384.78612433356,61911.69559580396,52123.52671702939,71699.86447457853
Bitcoin,2024-07-02,2024-06-25,62029.01563,61373.51286767396,52634.65096989708,70112.37476545085,61772.44031696476,53198.752100058366,70346.12853387116
Bitcoin,2024-07-03,2024-07-02,60173.92188,62120.56095857873,56686.60597682873,67554.51594032873,62255.43197417268,56935.456851724484,67575.40709662087
Bitcoin,2024-07-04,2024-07-02,56977.70313,61981.73303661338,57912.03351228353,66051.43256094324,62038.689288466936,58346.410051669496,65730.96852526437
Bitcoin,2024-07-05,2024-07-02,56662.375,61842.29885763011,56486.88520162994,67197.71251363026,62016.195617946156,56564.915641685,67467.47559420731
Bitcoin,2024-07-06,2024-07-02,58303.53906,61857.90757701138,56512.44021528097,67203.37493874179,61994.783776882774,56544.269283522786,67445.29827024275
Bitcoin,2024-07-07,2024-07-02,55849.10938,61719.26705332519,56378.85357432519,67059.68053232519,62110.91038198475,56791.92719567054,67429.89356829895
Bitcoin,2024-07-08,2024-07-02,56705.09766,61329.48883551539,51581.16072680554,71077.81694422524,62217.03137944791,52434.14028994734,71999.92246894847
Bitcoin,2024-07-09,2024-07-02,58009.22656,61414.4998229267,52601.09024960055,70227.90939625284,62084.81701657285,53509.521492340275,70660.11254080544
Bitcoin,2024-07-10,2024-07-09,57742.49609,58009.22656,52575.27157825,63443.181541750004,58133.55071850492,52813.016993369776,63454.084443640066
Bitcoin,2024-07-11,2024-07-09,57344.91406,58009.22656,53872.7573205,62145.695799500005,57926.883783538295,53682.73588387919,62171.0316831974
Bitcoin,2024-07-12,2024-07-09,57899.46484,58009.22656,52639.27479725,63379.178322750005,57898.78513975468,52441.22888267074,63356.341396838616
Bitcoin,2024-07-13,2024-07-09,59231.95313,58009.22656,52571.31880289638,63447.13431710363,57894.22774505163,52421.87303201736,63366.58245808589
Bitcoin,2024-07-14,2024-07-09,60787.79297,58009.22656,51924.778903750004,64093.67421625,57995.58266754156,51857.38262280596,64133.782712277156
Bitcoin,2024-07-15,2024-07-09,64870.15234,58009.22656,48080.07939200001,67938.37372799999,58110.88630859807,48306.818431103966,67914.95418609217
Bitcoin,2024-07-16,2024-07-09,65097.14844,58009.22656,49346.86989980077,66671.58322019923,57987.53922712267,49391.498427436505,66583.58002680882
Bitcoin,2024-07-17,2024-07-16,64118.79297,65097.14844,59828.76294552228,70365.53393447772,65249.71497303192,59894.46659193568,70604.96335412815
Bitcoin,2024-07-18,2024-07-16,63974.06641,65097.14844,61163.17665790386,69031.12022209613,65018.53853514462,60741.75018292051,69295.32688736873
Bitcoin,2024-07-19,2024-07-16,66710.15625,65097.14844,59727.196677249995,70467.10020274999,64982.98859660512,59486.396448790205,70479.58074442003
Bitcoin,2024-07-20,2024-07-16,67163.64844,65097.14844,59639.919718029676,70554.37716197032,64973.136728097066,59493.52478821486,70452.74866797928
Bitcoin,2024-07-21,2024-07-16,68154.52344,65097.14844,59204.11743786075,70990.17944213924,65080.23643065058,58880.079821806925,71280.39303949423
Bitcoin,2024-07-22,2024-07-16,67585.25,65097.14844,55168.38328406641,75025.91359593358,65229.47217415933,55427.12937562937,75031.8149726893
Bitcoin,2024-07-23,2024-07-16,65927.67188,65097.14844,56404.77411523014,73789.52276476985,65116.46671824513,56540.15622951686,73692.7772069734
Bitcoin,2024-07-24,2024-07-23,65372.13281,65927.67188,61180.81386724999,70674.52989274998,66148.49273600699,61607.53537710591,70689.45009490805
Bitcoin,2024-07-25,2024-07-23,65777.22656,65927.67188,62214.56592175,69640.77783824998,65910.77090568015,62208.591969164256,69612.94984219605
Bitcoin,2024-07-26,2024-07-23,67912.0625,65927.67188,60557.72011724999,71297.62364274998,65885.80235655916,60535.703832130705,71235.90088098761
Bitcoin,2024-07-27,2024-07-23,67813.33594,65927.67188,59755.90968037979,72099.4340796202,65886.31007073903,60431.600894201605,71341.01924727645
Bitcoin,2024-07-28,2024-07-23,68255.86719,65927.67188,60584.81074475,71270.53301525,65986.10828756518,60636.799868871356,71335.416706259
Bitcoin,2024-07-29,2024-07-23,66819.91406,65927.67188,57835.398640249994,74019.94511974999,66148.8258062138,57804.6493818456,74493.00223058202
Bitcoin,2024-07-30,2024-07-23,66201.01563,65927.67188,57273.12543022751,74582.21832977248,66018.15284948432,57449.419263806725,74586.88643516193
Bitcoin,2024-07-31,2024-07-30,64619.25,66056.07356696238,60759.19474564377,71352.95238828099,66355.00484956765,61789.71783634093,70920.29186279436
Bitcoin,2024-08-01,2024-07-30,65357.5,65963.37079179614,62007.15270050345,69919.58888308884,66126.44630156478,62406.78710791375,69846.1054952158
Bitcoin,2024-08-02,2024-07-30,61415.06641,66225.72332926204,61105.488907451356,71345.95775107271,66095.51829311822,60782.276021846315,71408.76056439012
Bitcoin,2024-08-03,2024-07-30,60680.09375,66367.67278523756,60057.31308859321,72678.0324818819,66100.12570223436,60612.64090347168,71587.61050099705
Bitcoin,2024-08-04,2024-07-30,58116.97656,66502.53741460713,60653.194819142656,72351.88001007159,66223.14994948641,60851.68276253195,71594.61713644087
Bitcoin,2024-08-05,2024-07-30,53991.45703,66655.17249269994,58565.45968915462,74744.88529624527,66391.10488956932,58357.96351804323,74424.24626109542
Bitcoin,2024-08-06,2024-07-30,56034.31641,66514.34827142187,57794.57042205187,75234.12612079187,66260.7660890046,57696.50022637309,74825.03195163609
Bitcoin,2024-08-07,2024-08-06,55027.46094,56034.31641,50963.694659215646,61104.93816078435,56087.32907178847,51537.01222080104,60637.64592277589
Bitcoin,2024-08-08,2024-08-06,61710.13672,56034.31641,52109.81968713983,59958.81313286017,55902.731085125815,52190.37852810011,59615.08364215152
Bitcoin,2024-08-09,2024-08-06,60880.11328,56034.31641,50845.883818535345,61222.749001464654,55858.015919853715,50546.54910648768,61169.48273321975
Bitcoin,2024-08-10,2024-08-06,60945.8125,56034.31641,50509.91508447309,61558.71773552691,55861.99702703397,50449.31693032222,61274.67712374572
Bitcoin,2024-08-11,2024-08-06,58719.48438,56034.31641,50135.68861827637,61932.94420172363,55984.56915123112,49704.69266331199,62264.44563915024
Bitcoin,2024-08-12,2024-08-06,59354.51563,56034.31641,46313.63867449543,65754.99414550456,56103.73501877637,46275.198243814935,65932.27179373782
Bitcoin,2024-08-13,2024-08-06,60609.56641,56034.31641,47377.25932491262,64691.37349508738,56008.6491750156,47430.71477869174,64586.583571339455
Bitcoin,2024-08-14,2024-08-13,58737.26953,60609.56641,57931.90652631792,63287.22629368207,60665.341265672345,57895.06375387908,63435.6187774656
Bitcoin,2024-08-15,2024-08-13,57560.09766,60609.56641,55542.64121475,65676.49160525,60523.315583148295,55446.841028027615,65599.79013826897
Bitcoin,2024-08-16,2024-08-13,58894.10547,60609.56641,55239.61464725,65979.51817275,60435.4552398342,55153.454685030934,65717.45579463747
Bitcoin,2024-08-17,2024-08-13,59478.97266,60609.56641,55076.74476621546,66142.38805378454,60440.56523483808,55053.450005605126,65827.68046407103
Bitcoin,2024-08-18,2024-08-13,58483.96484,60609.56641,54382.0568395,66837.0759805,60560.23811540963,54305.87773285707,66814.59849796219
Bitcoin,2024-08-19,2024-08-13,59493.45313,60609.56641,50656.30635125001,70562.82646874999,60676.54058332703,50834.470543881165,70518.61062277287
Bitcoin,2024-08-20,2024-08-13,59012.79297,60609.56641,51986.25029425,69232.88252574998,60600.74454801856,52022.485455025526,69179.0036410116
Bitcoin,2024-08-21,2024-08-20,61175.19141,59012.79297,55983.205644342685,62042.38029565732,59136.97334527897,56354.69665594989,61919.250034608056
Bitcoin,2024-08-22,2024-08-20,60381.91406,59012.79297,53922.49940420414,64103.08653579586,58979.019807510704,53905.08349576467,64052.956119256734
Bitcoin,2024-08-23,2024-08-20,64094.35547,59012.79297,53893.410895658264,64132.17504434174,58885.65327420297,53624.21506378635,64147.09148461958
Bitcoin,2024-08-24,2024-08-20,64178.99219,59012.79297,53473.978463500476,64551.60747649953,58903.46528872862,53530.64120638173,64276.28937107551
Bitcoin,2024-08-25,2024-08-20,64333.54297,59012.79297,53004.2907920785,65021.2951479215,59008.92433717,52765.768633188774,65252.08004115122
Bitcoin,2024-08-26,2024-08-20,62880.66016,59012.79297,49504.170064387145,68521.41587561286,59129.22017994541,49275.24917942343,68983.19118046739
Bitcoin,2024-08-27,2024-08-20,59504.13281,59012.79297,50882.724992334115,67142.86094766589,59080.01007252391,50504.973242120504,67655.04690292732
Bitcoin,2024-08-28,2024-08-27,59027.625,59504.13281,56559.19448417221,62449.0711358278,59743.488291958456,56974.97364894781,62512.002934969096
Bitcoin,2024-08-29,2024-08-27,59388.17969,59504.13281,54437.207614750005,64571.05800525,59589.68262831143,54515.23776027671,64664.12749634615
Bitcoin,2024-08-30,2024-08-27,59119.47656,59504.13281,54134.18104725,64874.084572750005,59496.256672282645,54254.94171066934,64737.57163389595
Bitcoin,2024-08-31,2024-08-27,58969.89844,59504.13281,53967.02971693665,65041.235903063345,59515.477289349066,54162.44752576251,64868.50705293562
Bitcoin,2024-09-01,2024-08-27,57325.48828,59504.13281,53276.623239500004,65731.64238050001,59607.45834388077,53382.98997157889,65831.92671618264
Bitcoin,2024-09-02,2024-08-27,59112.48047,59504.13281,49550.87275125001,69457.39286874999,59750.3184786456,49895.82174169482,69604.81521559636
Bitcoin,2024-09-03,2024-08-27,57431.02344,59504.13281,50880.81669425,68127.44892575,59693.505618892035,51118.064023815525,68268.94721396855
Bitcoin,2024-09-04,2024-09-03,57971.53906,57431.02344,54808.91801793761,60053.128862062375,57590.23862585808,54834.74849642146,60345.728755294695
Bitcoin,2024-09-05,2024-09-03,56160.48828,57431.02344,52364.09824475,62497.948635249995,57450.59366489388,52385.78742148505,62515.39990830271
Bitcoin,2024-09-06,2024-09-03,53948.75391,57431.02344,52061.072889378745,62800.97399062125,57363.76868815569,52115.748811279154,62611.78856503222
Bitcoin,2024-09-07,2024-09-03,54139.6875,57431.02344,52034.51654195122,62827.530338048775,57384.26420940531,52042.02354692167,62726.504871888945
Bitcoin,2024-09-08,2024-09-03,54841.56641,57431.02344,51196.97431638295,63665.07256361705,57468.69602075978,51271.50736639205,63665.88467512751
Bitcoin,2024-09-09,2024-09-03,57019.53516,57431.02344,47470.01046355184,67392.03641644816,57589.46219609264,47698.09227241842,67480.83211976686
Bitcoin,2024-09-10,2024-09-03,57648.71094,57431.02344,48798.66225360214,66063.38462639785,57558.042607323674,48989.47566570346,66126.60954894389
Bitcoin,2024-09-11,2024-09-10,57343.17188,57648.71094,55207.570705499995,60089.85117449999,57734.42623143867,55017.02663583945,60451.82582703789
Bitcoin,2024-09-12,2024-09-10,58127.01172,57648.71094,52581.78574475,62715.636135249995,57576.87764350051,52506.47802250828,62647.277264492746
Bitcoin,2024-09-13,2024-09-10,60571.30078,57648.71094,52278.759177249995,63018.66270275,57481.09838462302,52240.49524633985,62721.701522906194
Bitcoin,2024-09-14,2024-09-10,60005.12109,57648.71094,52257.37265375,63040.04922625,57500.909240236746,52151.44956909122,62850.36891138227
Bitcoin,2024-09-15,2024-09-10,59182.83594,57648.71094,51421.2013695,63876.220510499996,57586.15084452389,51386.10395233777,63786.197736710004
Bitcoin,2024-09-16,2024-09-10,58192.50781,57648.71094,47695.450881250006,67601.97099874998,57732.41596231466,47855.522420036716,67609.3095045926
Bitcoin,2024-09-17,2024-09-10,60308.53906,57648.71094,49025.39482425,66272.02705574999,57681.00975248302,49110.80391372426,66251.21559124178
Bitcoin,2024-09-18,2024-09-17,61649.67969,60308.53906,57867.3988255,62749.6792945,60284.3398044465,57579.80673004594,62988.87287884706
Bitcoin,2024-09-19,2024-09-17,62940.45703,60308.53906,55241.613864750005,65375.46425525,60125.67551934263,55085.36287228084,65165.988166404415
Bitcoin,2024-09-20,2024-09-17,63192.97656,60308.53906,54938.58729725,65678.49082275,60042.454587007785,54772.69150532435,65312.21766869122
Bitcoin,2024-09-21,2024-09-17,63394.83984,60308.53906,54917.20077375,65699.87734625001,60040.83676319596,54691.80800083595,65389.86552555598
Bitcoin,2024-09-22,2024-09-17,63648.71094,60308.53906,54081.029489500004,66536.04863050001,60119.63744842501,53964.12850201125,66275.14639483877
Bitcoin,2024-09-23,2024-09-17,63329.80078,60308.53906,50355.27900125001,70261.79911874999,60320.10818482127,50442.36190101161,70197.85446863093
Bitcoin,2024-09-24,2024-09-17,64301.96875,60308.53906,51685.22294425,68931.85517575,60277.85116736605,51721.80879863483,68833.89353609727
Bitcoin,2024-09-25,2024-09-24,63143.14453,64301.96875,62075.76269275,66528.17480724999,64318.263212637,62151.670073604546,66484.85635166946
Bitcoin,2024-09-26,2024-09-24,65181.01953,64301.96875,59235.04355475,69368.89394525,64135.04719517061,59138.55937571672,69131.5350146245
Bitcoin,2024-09-27,2024-09-24,65790.66406,64301.96875,58932.01698725,69671.92051275,64061.8471116967,58760.219865471285,69363.47435792211
Bitcoin,2024-09-28,2024-09-24,65887.64844,64301.96875,58910.63046375,69693.30703625001,64059.34862648377,58675.84172435561,69442.85552861194
Bitcoin,2024-09-29,2024-09-24,65635.30469,64301.96875,58074.4591795,70529.4783205,64130.98739450156,58016.16495304153,70245.8098359616
Bitcoin,2024-09-30,2024-09-24,63329.5,64301.96875,54348.70869125001,74255.22880874999,64341.41047727658,54443.51036711303,74239.31058744014
Bitcoin,2024-10-01,2024-09-24,60837.00781,64301.96875,55678.65263425,72925.28486574999,64327.11363035233,55769.453925845,72884.77333485967
Bitcoin,2024-10-02,2024-10-01,60632.78516,60837.00781,58611.638384318,63062.377235682005,61035.07094860828,58891.894754887755,63178.2471423288
Bitcoin,2024-10-03,2024-10-01,60759.40234,60837.00781,55719.27648243227,65954.73913756773,60859.29485969943,55848.43647997398,65870.15323942488
Bitcoin,2024-10-04,2024-10-01,62067.47656,60837.00781,55414.63187698806,66259.38374301193,60765.72592203254,55438.58004921241,66092.87179485268
Bitcoin,2024-10-05,2024-10-01,62089.94922,60837.00781,55326.889634659805,66347.1259853402,60784.36390834741,55389.72637911175,66179.00143758307
Bitcoin,2024-10-06,2024-10-01,62818.95313,60837.00781,54549.25438844136,67124.76123155864,60856.75990388541,54734.58161170331,66978.93819606751
Bitcoin,2024-10-07,2024-10-01,62236.66016,60837.00781,50665.98102125778,71008.03459874223,61057.151807869894,51181.625874739315,70932.67774100046
Bitcoin,2024-10-08,2024-10-01,62131.96875,60837.00781,51946.431543806764,69727.58407619325,61035.955379995255,52486.69523269658,69585.21552729393
Bitcoin,2024-10-09,2024-10-08,60582.10156,62101.46351951064,60190.13244017178,64012.7945988495,62183.40057763584,60185.068298136575,64181.7328571351
Bitcoin,2024-10-10,2024-10-08,60274.5,62150.124478977144,56968.44902026876,67331.79993768553,62027.00032752551,57027.59556188964,67026.40509316137
Bitcoin,2024-10-11,2024-10-08,62445.08984,62198.208902543105,57111.782103597754,67284.63570148846,61949.119216896084,56761.77234202361,67136.46609176855
Bitcoin,2024-10-12,2024-10-08,63193.02344,62209.6172533644,57167.88540434039,67251.3491023884,61964.906122861554,56694.88804163436,67234.92420408873
Bitcoin,2024-10-13,2024-10-08,62851.375,62196.90124316081,55915.327237582074,68478.47524873955,62051.82145557997,55929.013968761436,68174.6289423985
Bitcoin,2024-10-14,2024-10-08,66046.125,62163.818461298055,54196.59396879514,70131.04295380096,62230.173106192015,55172.22924546061,69288.11696692342
Bitcoin,2024-10-15,2024-10-08,67041.10938,62141.91147958624,53670.516901810675,70613.3060573618,62214.47721961061,54977.129258707464,69451.82518051377
Bitcoin,2024-10-16,2024-10-15,67612.71875,67078.3883487513,65189.93487232438,68966.84182517821,67047.14396579807,65038.60695952947,69055.68097206666
Bitcoin,2024-10-17,2024-10-15,67399.83594,67161.80085253854,62089.27843295865,72234.32327211843,66883.81219370822,61871.01921599471,71896.60517142173
Bitcoin,2024-10-18,2024-10-15,68418.78906,67245.21335632578,61918.901505189686,72571.52520746186,66784.76309755389,61597.557326061346,71971.96886904642
Bitcoin,2024-10-19,2024-10-15,68362.73438,67328.62586011302,61802.91353480982,72854.33818541623,66815.55786084363,61573.132683750286,72057.98303793698
Bitcoin,2024-10-20,2024-10-15,69001.70313,67412.03836390027,61264.62430202404,73559.4524257765,66920.26319830495,60800.304950891215,73040.2214457187
Bitcoin,2024-10-21,2024-10-15,67367.85156,67495.45086768751,59809.265640421465,75181.63609495354,67110.43001090988,60057.88480314647,74162.9752186733
Bitcoin,2024-10-22,2024-10-15,67361.40625,67578.86337147476,59623.66286513814,75534.06387781138,67075.95647247454,59827.020831200316,74324.89211374876
Bitcoin,2024-10-23,2024-10-22,66432.19531,67419.24847140182,65477.37165148074,69361.12529132291,67389.50881270373,65407.152865224496,69371.86476018297
Bitcoin,2024-10-24,2024-10-22,68161.05469,67487.14473666187,62298.021285593364,72676.26818773037,67244.59784593545,62234.60456421181,72254.59112765908
Bitcoin,2024-10-25,2024-10-22,66642.41406,67539.2538050803,62535.536848495656,72542.97076166492,67162.60554161671,61985.669654108504,72339.5414291249
Bitcoin,2024-10-26,2024-10-22,67014.69531,67605.14016260969,62531.440693860466,72678.83963135892,67185.15592942025,61904.47845187594,72465.83340696455
Bitcoin,2024-10-27,2024-10-22,67929.29688,67662.11910687752,61147.549967259605,74176.68824649543,67275.14084385919,61158.54821760307,73391.7334701153
Bitcoin,2024-10-28,2024-10-22,69907.75781,67748.22649341889,61058.44560618765,74438.00738065012,67465.15307028867,60395.14767003449,74535.15847054284
Bitcoin,2024-10-29,2024-10-22,72720.49219,67813.47705776324,60952.52674400889,74674.42737151761,67452.89847024046,60204.68202890341,74701.1149115775
Bitcoin,2024-10-30,2024-10-29,72339.53906,72350.15424693006,70484.7277555526,74215.58073830753,72655.417240692,70641.81887428951,74669.01560709448
Bitcoin,2024-10-31,2024-10-29,70215.1875,72747.4842001265,67591.67847860532,77903.2899216477,72496.25438525819,67467.66643639153,77524.84233412484
Bitcoin,2024-11-01,2024-10-29,69482.46875,72660.16876844032,67393.66160043729,77926.67593644334,72380.3395535354,67167.48821583067,77593.19089124014
Bitcoin,2024-11-02,2024-10-29,69289.27344,73017.29412906333,67615.95429866028,78418.63395946639,72407.71822097927,67145.23735780144,77670.1990841571
Bitcoin,2024-11-03,2024-10-29,68741.11719,72927.22992748124,66775.0384432755,79079.42141168698,72531.80534572087,66389.95155639014,78673.65913505161
Bitcoin,2024-11-04,2024-10-29,67811.50781,73205.2506510958,65829.06110269448,80581.44019949713,72727.77344081765,65685.29650209977,79770.25037953553
Bitcoin,2024-11-05,2024-10-29,69359.5625,73106.86464567838,65418.18137162622,80795.54791973054,72698.18168090502,65465.00203539275,79931.36132641729
Bitcoin,2024-11-06,2024-11-05,75639.07813,69448.28129175249,67602.13820307842,71294.42438042656,69338.01014235044,67304.98376224234,71371.03652245854
Bitcoin,2024-11-07,2024-11-05,75904.85938,69732.94614032889,64861.49121025672,74604.40107040106,69182.94808176032,64118.81265569115,74247.08350782948
Bitcoin,2024-11-08,2024-11-05,76545.47656,69934.6010135507,64644.6847200676,75224.51730703378,69076.48513795606,63881.12126403179,74271.84901188032
Bitcoin,2024-11-09,2024-11-05,76778.86719,70104.07367093523,64225.11411874696,75983.03322312351,69103.32285040822,63791.32411553022,74415.32158528622
Bitcoin,2024-11-10,2024-11-05,80474.1875,70294.71951327885,64519.10175907719,76070.3372674805,69202.82587037006,63009.60129376937,75396.05044697074
Bitcoin,2024-11-11,2024-11-05,88701.48438,70508.11878216767,62321.79669155059,78694.44087278475,69372.80834409407,62359.156830713415,76386.45985747472
Bitcoin,2024-11-12,2024-11-05,87955.8125,70573.72703038655,61878.29726237217,79269.15679840092,69365.34380074494,62174.956646186765,76555.73095530312
Bitcoin,2024-11-13,2024-11-12,90584.16406,88747.41430556541,86404.03113732382,91090.797473807,88051.74897668393,85860.41228106077,90243.08567230709
Bitcoin,2024-11-14,2024-11-12,87250.42969,89539.01611113081,83200.72408685967,95877.30813540195,87840.59380103339,81932.69547025903,93748.49213180775
Bitcoin,2024-11-15,2024-11-12,91066.00781,90330.61791669621,84199.74404368419,96461.49178970823,87683.84809979788,82343.90478418984,93023.79141540591
Bitcoin,2024-11-16,2024-11-12,90558.47656,91122.21972226161,84560.89578035113,97683.54366417209,87683.761262505,82273.11688000508,93094.40564500491
Bitcoin,2024-11-17,2024-11-12,89845.85156,91913.821527827,83231.05528177382,100596.5877738802,87802.74802563203,79738.67880959561,95866.81724166844
Bitcoin,2024-11-18,2024-11-12,90542.64063,92705.4233333924,79701.9121224846,105708.9345443002,88005.10596825444,75523.34265078264,100486.86928572624
Bitcoin,2024-11-19,2024-11-12,92343.78906,93497.0251389578,82411.26261944539,104582.78765847022,88017.31902069617,77552.31005877175,98482.3279826206
Bitcoin,2024-11-20,2024-11-19,94339.49219,92502.69608116288,90015.27820672597,94990.11395559978,92402.5796928446,89792.3588555629,95012.8005301263
Bitcoin,2024-11-21,2024-11-19,98504.72656,92797.66414824854,86935.15538425412,98660.17291224297,92183.19377640658,86296.20442833427,98070.18312447889
Bitcoin,2024-11-22,2024-11-19,98997.66406,93003.08160156231,87502.50181369732,98503.6613894273,92029.09485409042,86679.0867954935,97379.10291268733
Bitcoin,2024-11-23,2024-11-19,97777.28125,93224.93628660665,87232.17431707427,99217.69825613903,92010.51199721161,86572.21683989435,97448.80715452887
Bitcoin,2024-11-24,2024-11-19,98013.82031,93443.2918942923,84752.9437279152,102133.64006066938,92132.1385099563,84101.46870578053,100162.80831413208
Bitcoin,2024-11-25,2024-11-19,93102.29688,93659.89018144121,80689.49509798671,106630.2852648957,92425.97999356137,79960.76013127076,104891.19985585197
Bitcoin,2024-11-26,2024-11-19,91985.32031,93874.45415323005,82918.0985248552,104830.80978160488,92407.19053658201,81977.93305763301,102836.448015531
Bitcoin,2024-11-27,2024-11-26,95962.53125,92342.17447560484,90033.32141993765,94651.02753127203,92118.14217468473,89509.38206629659,94726.90228307288
Bitcoin,2024-11-28,2024-11-26,95652.46875,92699.02864120969,86903.65071608614,98494.40656633324,91898.36451343566,85584.4535713502,98212.27545552113
Bitcoin,2024-11-29,2024-11-26,97461.52344,93055.88280681454,86999.06112101435,99112.70449261472,91779.69552637906,84848.99856567782,98710.3924870803
Bitcoin,2024-11-30,2024-11-26,96449.05469,93412.73697241938,87372.06069038357,99453.4132544552,91733.40067417905,85947.73212278291,97519.06922557518
Bitcoin,2024-12-01,2024-11-26,97279.78906,93769.59113802423,84993.51495601983,102545.66732002862,91806.9694784079,83758.21905940758,99855.71989740821
Bitcoin,2024-12-02,2024-11-26,95865.30469,94126.44530362908,81133.31816984284,107119.5724374153,92080.27802275009,79596.42602118537,104564.1300243148
Bitcoin,2024-12-03,2024-11-26,96002.16406,94483.29946923393,83564.95960194961,105401.63933651823,92067.75560384081,81609.10040371816,102526.41080396346
Bitcoin,2024-12-04,2024-12-03,98768.53125,96214.81851678625,92234.99439614455,100194.64263742795,96159.75813843674,92280.46011108975,100039.05616578372
Bitcoin,2024-12-05,2024-12-03,96593.57031,96425.29430830598,90635.51255599436,102215.0760606176,95933.40728940359,89581.80709863137,102285.00748017582
Bitcoin,2024-12-06,2024-12-03,99920.71094,96635.8327237047,90566.32434342256,102705.34110398685,95848.42156605389,88907.67256338545,102789.17056872233
Bitcoin,2024-12-07,2024-12-03,99923.33594,96846.36933903332,90954.98878022001,102737.74989784663,95839.81619074351,90091.67747319801,101587.954908289
Bitcoin,2024-12-08,2024-12-03,101236.0156,97056.90600610343,88501.68279739088,105612.12921481597,95923.3053009414,87797.20958935285,104049.40101252995
Bitcoin,2024-12-09,2024-12-03,97432.71875,97267.44267168627,84411.7353328452,110123.15001052732,96158.7373579356,83610.46245013054,108707.01226574068
Bitcoin,2024-12-10,2024-12-03,96675.42969,97477.97933731186,86560.2815139417,108395.677160682,96135.66553003108,85614.83724518215,106656.49381488
Bitcoin,2024-12-11,2024-12-10,101173.0313,97062.50746622973,93132.43624791755,100992.5786845419,96850.32624802804,92938.87588679689,100761.77660925919
Bitcoin,2024-12-12,2024-12-10,100043.0,97102.03300981795,91404.47578556796,102799.59023406795,96642.91101744103,90300.5064772699,102985.31555761216
Bitcoin,2024-12-13,2024-12-10,101459.2578,97437.15735935685,91513.45008305415,103360.86463565954,96576.62696303398,89643.68093238649,103509.57299368148
Bitcoin,2024-12-14,2024-12-10,101372.9688,97540.61634753521,91652.02295763671,103429.2097374337,96533.98491830347,90760.85170098458,102307.11813562234
Bitcoin,2024-12-15,2024-12-10,104298.6953,97760.54419809254,89195.20552002097,106325.8828761641,96601.65002952212,88508.71750329784,104694.5825557464
Bitcoin,2024-12-16,2024-12-10,106029.7188,97696.15634652514,84865.54445236563,110526.76824068464,96873.48828086999,84324.11988244476,109422.8566792952
Bitcoin,2024-12-17,2024-12-10,106140.6016,97808.43443793099,86951.42835330217,108665.44052255982,96849.69225085543,86327.58009762663,107371.80440408422
Bitcoin,2024-12-18,2024-12-17,100041.5391,106650.60363292562,102064.3813548108,111236.82591104043,106308.5612330052,101925.31366201838,110691.80880399201
Bitcoin,2024-12-19,2024-12-17,97490.95313,106626.04741365829,100756.64557691496,112495.44925040162,106079.99812218078,99734.6487671739,112425.34747718766
Bitcoin,2024-12-20,2024-12-17,97755.92969,107255.71105791813,101051.02120644147,113460.4009093948,106029.15329885473,99112.04425339361,112946.26234431582
Bitcoin,2024-12-21,2024-12-17,97224.72656,107518.80270880292,101826.98572027673,113210.61969732911,105967.44182718493,100206.31078816701,111728.57286620284
Bitcoin,2024-12-22,2024-12-17,95104.9375,107979.29570380105,99641.00061429896,116317.59079330313,106068.30733306428,97963.74504252197,114172.86962360659
Bitcoin,2024-12-23,2024-12-17,94686.24219,108116.4567481883,95534.48058182315,120698.43291455344,106340.0537440147,93774.27288547269,118905.83460255672
Bitcoin,2024-12-24,2024-12-17,98676.09375,108508.36814907564,97895.89209828402,119120.84419986726,106286.52964326815,95761.22339142188,116811.83589511442
