unique_id,ds,cutoff,AutoNBEATSx,AutoTSMixerx,AutoiTransformer,AutoBiTCN,y
Bitcoin,2022-06-16,2022-06-15,23392.0,27823.023,26168.736,25029.59,20381.65039
Bitcoin,2022-06-17,2022-06-15,22158.924,27516.455,26096.693,26243.445,20471.48242
Bitcoin,2022-06-18,2022-06-15,20825.537,27075.531,26101.35,26019.604,19017.64258
Bitcoin,2022-06-19,2022-06-15,20702.967,27703.818,26090.871,24355.883,20553.27148
Bitcoin,2022-06-20,2022-06-15,19554.084,27730.754,26426.734,25430.354,20599.53711
Bitcoin,2022-06-21,2022-06-15,19470.441,26887.084,26087.229,27219.125,20710.59766
Bitcoin,2022-06-22,2022-06-15,18762.594,27157.95,25483.934,25628.383,19987.0293
Bitcoin,2022-06-23,2022-06-15,18489.68,27605.494,25701.834,23195.22,21085.87695
Bitcoin,2022-06-24,2022-06-15,17766.957,27039.777,26002.9,23979.566,21231.65625
Bitcoin,2022-06-25,2022-06-15,17566.316,27240.889,25837.223,23067.56,21502.33789
Bitcoin,2022-06-26,2022-06-15,17196.488,27092.707,26021.223,24385.562,21027.29492
Bitcoin,2022-06-27,2022-06-15,17588.54,26134.78,26109.09,24146.914,20735.47852
Bitcoin,2022-06-28,2022-06-15,17665.434,26232.162,25636.893,23536.582,20280.63477
Bitcoin,2022-06-29,2022-06-15,18814.723,27521.562,25649.377,27521.68,20104.02344
Bitcoin,2022-06-30,2022-06-15,16499.934,27283.621,25483.305,25998.434,19784.72656
Bitcoin,2022-07-01,2022-06-15,17203.04,26526.701,25148.654,25520.643,19269.36719
Bitcoin,2022-07-02,2022-06-15,17241.436,27714.893,25114.992,22002.312,19242.25586
Bitcoin,2022-07-03,2022-06-15,16267.189,25782.041,24489.527,23091.209,19297.07617
Bitcoin,2022-07-04,2022-06-15,16148.379,27480.45,24629.82,23891.084,20231.26172
Bitcoin,2022-07-05,2022-06-15,15627.578,27434.697,24725.422,24643.367,20190.11523
Bitcoin,2022-07-06,2022-06-15,16527.531,26117.45,24631.723,26029.834,20548.24609
Bitcoin,2022-07-07,2022-06-15,16804.281,26511.658,25047.309,25646.78,21637.58789
Bitcoin,2022-07-08,2022-06-15,16898.688,27726.348,24509.691,21755.332,21731.11719
Bitcoin,2022-07-09,2022-06-15,17096.25,26210.205,25076.664,25435.486,21592.20703
Bitcoin,2022-07-10,2022-06-15,17305.002,27170.809,25024.441,24433.836,20860.44922
Bitcoin,2022-07-11,2022-06-15,16079.43,27336.383,24872.846,23508.605,19970.55664
Bitcoin,2022-07-12,2022-06-15,16416.96,26071.248,25120.615,21768.04,19323.91406
Bitcoin,2022-07-13,2022-06-15,17319.527,26354.1,25419.902,23351.39,20212.07422
Bitcoin,2022-07-14,2022-06-15,16782.902,26575.023,25066.16,21760.902,20569.91992
Bitcoin,2022-07-15,2022-06-15,16611.822,26491.154,25171.988,25007.352,20836.32813
Bitcoin,2022-07-16,2022-07-15,21381.707,21677.992,21166.738,16983.072,21190.31641
Bitcoin,2022-07-17,2022-07-15,20287.39,22772.008,21093.46,13068.221,20779.34375
Bitcoin,2022-07-18,2022-07-15,21966.148,21829.848,20929.988,16713.67,22485.68945
Bitcoin,2022-07-19,2022-07-15,22256.795,22317.252,20946.691,16389.395,23389.43359
Bitcoin,2022-07-20,2022-07-15,22279.312,22658.246,20793.016,14559.78,23231.73242
Bitcoin,2022-07-21,2022-07-15,21798.016,20739.68,21468.8,11749.095,23164.62891
Bitcoin,2022-07-22,2022-07-15,22426.242,21259.52,21738.393,12578.648,22714.97852
Bitcoin,2022-07-23,2022-07-15,23046.184,22711.04,21712.816,11843.268,22465.47852
Bitcoin,2022-07-24,2022-07-15,23930.746,21187.61,21959.953,9207.052,22609.16406
Bitcoin,2022-07-25,2022-07-15,24980.943,22617.582,21895.307,11159.674,21361.70117
Bitcoin,2022-07-26,2022-07-15,24445.793,22645.805,22107.6,4571.2207,21239.75391
Bitcoin,2022-07-27,2022-07-15,23263.715,23292.729,22453.398,4892.742,22930.54883
Bitcoin,2022-07-28,2022-07-15,24277.527,20954.91,22234.418,5955.2935,23843.88672
Bitcoin,2022-07-29,2022-07-15,23172.566,21630.744,22432.865,6754.2695,23804.63281
Bitcoin,2022-07-30,2022-07-15,23536.562,22383.775,22471.094,6934.8486,23656.20703
Bitcoin,2022-07-31,2022-07-15,22927.39,19878.23,21874.09,3249.8657,23336.89648
Bitcoin,2022-08-01,2022-07-15,23531.738,20908.191,22491.379,-3572.8174,23314.19922
Bitcoin,2022-08-02,2022-07-15,23237.98,20756.086,22464.414,1002.4385,22978.11719
Bitcoin,2022-08-03,2022-07-15,22758.482,21036.805,22141.246,603.46484,22846.50781
Bitcoin,2022-08-04,2022-07-15,22898.871,20654.408,21806.852,-956.5088,22630.95703
Bitcoin,2022-08-05,2022-07-15,22686.926,20831.54,21730.295,-1699.6641,23289.31445
Bitcoin,2022-08-06,2022-07-15,21807.473,19997.656,21864.355,-287.76367,22961.2793
Bitcoin,2022-08-07,2022-07-15,21123.777,23388.186,21974.807,3008.8433,23175.89063
Bitcoin,2022-08-08,2022-07-15,22688.658,21148.676,22159.129,-2971.671,23809.48633
Bitcoin,2022-08-09,2022-07-15,20949.361,23932.244,21654.46,-3022.212,23164.31836
Bitcoin,2022-08-10,2022-07-15,20513.996,23292.916,21990.879,-3695.1123,23947.64258
Bitcoin,2022-08-11,2022-07-15,20013.035,23622.014,21852.262,-3240.6924,23957.5293
Bitcoin,2022-08-12,2022-07-15,21670.033,22413.488,21098.086,-8436.238,24402.81836
Bitcoin,2022-08-13,2022-07-15,20677.842,24162.457,20856.48,-5897.1562,24424.06836
Bitcoin,2022-08-14,2022-07-15,18545.895,24658.848,21092.559,-3620.872,24319.33398
Bitcoin,2022-08-15,2022-08-14,23955.176,24866.984,26615.338,23314.035,24136.97266
Bitcoin,2022-08-16,2022-08-14,24275.277,25157.676,27034.285,23564.344,23883.29102
Bitcoin,2022-08-17,2022-08-14,24729.48,26886.0,26361.064,23633.418,23335.99805
Bitcoin,2022-08-18,2022-08-14,25388.021,25798.684,26172.746,23834.13,23212.73828
Bitcoin,2022-08-19,2022-08-14,25135.52,25915.668,26316.553,23902.91,20877.55273
Bitcoin,2022-08-20,2022-08-14,25873.346,27702.174,26923.193,24108.934,21166.06055
Bitcoin,2022-08-21,2022-08-14,25663.727,28639.623,26640.555,24324.055,21534.12109
Bitcoin,2022-08-22,2022-08-14,26144.03,27473.629,26199.498,24390.504,21398.9082
Bitcoin,2022-08-23,2022-08-14,26091.805,26601.824,26194.834,24866.047,21528.08789
Bitcoin,2022-08-24,2022-08-14,26004.666,28066.758,26307.516,24736.963,21395.01953
Bitcoin,2022-08-25,2022-08-14,26348.273,28536.834,26590.379,24985.426,21600.9043
Bitcoin,2022-08-26,2022-08-14,26322.783,29699.912,25792.604,25081.12,20260.01953
Bitcoin,2022-08-27,2022-08-14,26052.64,28440.184,26211.744,25054.557,20041.73828
Bitcoin,2022-08-28,2022-08-14,25695.215,29279.271,26305.256,25581.543,19616.81445
Bitcoin,2022-08-29,2022-08-14,24414.613,32194.383,26030.412,25416.53,20297.99414
Bitcoin,2022-08-30,2022-08-14,24623.926,31553.572,25786.488,25382.28,19796.80859
Bitcoin,2022-08-31,2022-08-14,25327.166,31093.15,25951.447,25528.875,20049.76367
Bitcoin,2022-09-01,2022-08-14,25732.31,31930.936,25826.979,25701.398,20127.14063
Bitcoin,2022-09-02,2022-08-14,25683.654,33099.68,25529.385,25489.145,19969.77148
Bitcoin,2022-09-03,2022-08-14,25013.887,33775.793,25661.703,25385.883,19832.08789
Bitcoin,2022-09-04,2022-08-14,24262.176,34986.773,25596.059,25831.004,19986.71289
Bitcoin,2022-09-05,2022-08-14,25105.844,33812.15,25616.537,25713.854,19812.37109
Bitcoin,2022-09-06,2022-08-14,25746.1,34764.945,25404.637,26272.121,18837.66797
Bitcoin,2022-09-07,2022-08-14,24876.473,36893.555,25527.992,25730.996,19290.32422
Bitcoin,2022-09-08,2022-08-14,24235.25,36827.96,25315.22,26307.746,19329.83398
Bitcoin,2022-09-09,2022-08-14,24182.22,34658.766,25708.605,26322.752,21381.15234
Bitcoin,2022-09-10,2022-08-14,24923.285,36665.15,25874.283,26476.156,21680.53906
Bitcoin,2022-09-11,2022-08-14,21302.95,35632.516,25714.666,25971.432,21769.25586
Bitcoin,2022-09-12,2022-08-14,22565.414,38466.89,25620.908,26456.201,22370.44922
Bitcoin,2022-09-13,2022-08-14,21479.703,37505.5,25767.28,26587.223,20296.70703
Bitcoin,2022-09-14,2022-09-13,20087.877,22920.988,20782.463,21616.941,20241.08984
Bitcoin,2022-09-15,2022-09-13,20119.752,23422.305,21312.348,21096.465,19701.21094
Bitcoin,2022-09-16,2022-09-13,20168.844,22824.633,20772.996,21588.504,19772.58398
Bitcoin,2022-09-17,2022-09-13,20356.281,23599.232,21151.95,21639.383,20127.57617
Bitcoin,2022-09-18,2022-09-13,20572.59,22088.062,21843.844,21557.396,19419.50586
Bitcoin,2022-09-19,2022-09-13,21066.438,22558.002,21689.518,21502.338,19544.12891
Bitcoin,2022-09-20,2022-09-13,20755.455,22126.441,21018.055,21425.16,18890.78906
Bitcoin,2022-09-21,2022-09-13,20713.824,22519.133,20864.562,21611.742,18547.40039
Bitcoin,2022-09-22,2022-09-13,20385.36,22079.568,20003.277,21950.445,19413.55078
Bitcoin,2022-09-23,2022-09-13,20600.72,22044.55,21782.148,21932.799,19297.63867
Bitcoin,2022-09-24,2022-09-13,21065.023,22481.637,21782.346,21669.367,18937.01172
Bitcoin,2022-09-25,2022-09-13,20710.154,22405.723,21629.758,21179.994,18802.09766
Bitcoin,2022-09-26,2022-09-13,21142.867,23116.367,20529.426,21816.312,19222.67188
Bitcoin,2022-09-27,2022-09-13,20880.984,22830.375,21917.883,22301.818,19110.54688
Bitcoin,2022-09-28,2022-09-13,21169.117,22683.703,21321.148,21702.809,19426.7207
Bitcoin,2022-09-29,2022-09-13,21119.748,22309.547,21468.334,21663.672,19573.05078
Bitcoin,2022-09-30,2022-09-13,21336.23,22673.277,21005.98,21440.258,19431.78906
Bitcoin,2022-10-01,2022-09-13,21153.977,22025.723,20410.805,21346.7,19312.0957
Bitcoin,2022-10-02,2022-09-13,21105.965,22098.727,21544.066,21989.605,19044.10742
Bitcoin,2022-10-03,2022-09-13,21471.41,22471.066,21757.926,22332.164,19623.58008
Bitcoin,2022-10-04,2022-09-13,21717.572,22392.809,21782.363,22395.922,20336.84375
Bitcoin,2022-10-05,2022-09-13,21355.719,21261.475,21758.84,22597.375,20160.7168
Bitcoin,2022-10-06,2022-09-13,21422.934,22053.236,21956.242,22188.48,19955.44336
Bitcoin,2022-10-07,2022-09-13,21595.824,21920.102,21210.586,22056.012,19546.84961
Bitcoin,2022-10-08,2022-09-13,21596.227,22577.867,21241.457,22167.254,19416.56836
Bitcoin,2022-10-09,2022-09-13,21991.33,22134.408,20341.932,21860.727,19446.42578
Bitcoin,2022-10-10,2022-09-13,22160.732,22216.158,22381.475,21846.586,19141.48438
Bitcoin,2022-10-11,2022-09-13,22005.295,22672.611,21731.95,22157.52,19051.41797
Bitcoin,2022-10-12,2022-09-13,21753.67,21826.697,21469.86,21935.58,19157.44531
Bitcoin,2022-10-13,2022-09-13,22019.299,22439.98,20428.898,22733.664,19382.9043
Bitcoin,2022-10-14,2022-10-13,19438.566,16747.36,19277.363,19389.432,19185.65625
Bitcoin,2022-10-15,2022-10-13,19313.357,17342.041,19225.922,19537.617,19067.63477
Bitcoin,2022-10-16,2022-10-13,19296.01,17105.58,19205.152,19401.117,19268.09375
Bitcoin,2022-10-17,2022-10-13,19250.484,17167.457,19127.246,19734.385,19550.75781
Bitcoin,2022-10-18,2022-10-13,19198.662,16020.103,19172.354,18951.898,19334.41602
Bitcoin,2022-10-19,2022-10-13,19462.734,16083.855,19264.22,19354.008,19139.53516
Bitcoin,2022-10-20,2022-10-13,18997.055,17027.91,19361.93,19425.828,19053.74023
Bitcoin,2022-10-21,2022-10-13,19074.895,16574.443,19307.947,19879.736,19172.46875
Bitcoin,2022-10-22,2022-10-13,19085.006,17277.855,19411.531,19519.398,19208.18945
Bitcoin,2022-10-23,2022-10-13,19398.713,17221.25,19431.512,19669.094,19567.00781
Bitcoin,2022-10-24,2022-10-13,19425.879,17169.258,19489.959,18948.855,19345.57227
Bitcoin,2022-10-25,2022-10-13,19566.27,16129.708,19376.344,20064.271,20095.85742
Bitcoin,2022-10-26,2022-10-13,19732.316,16329.207,19067.266,19115.043,20770.44141
Bitcoin,2022-10-27,2022-10-13,19457.86,17642.342,19051.219,18261.168,20285.83594
Bitcoin,2022-10-28,2022-10-13,19694.617,16811.71,18908.81,19372.582,20595.35156
Bitcoin,2022-10-29,2022-10-13,19935.387,15873.402,19029.035,18778.86,20818.47656
Bitcoin,2022-10-30,2022-10-13,19810.246,17140.2,19009.715,19922.875,20635.60352
Bitcoin,2022-10-31,2022-10-13,19596.715,15484.401,18786.055,18656.12,20495.77344
Bitcoin,2022-11-01,2022-10-13,20131.34,17509.885,19031.55,18672.777,20485.27344
Bitcoin,2022-11-02,2022-10-13,20179.41,17710.592,19092.129,18701.285,20159.50391
Bitcoin,2022-11-03,2022-10-13,19837.646,17428.846,18861.527,19626.477,20209.98828
Bitcoin,2022-11-04,2022-10-13,19914.61,17605.865,19124.82,19373.494,21147.23047
Bitcoin,2022-11-05,2022-10-13,19699.94,17485.717,18964.615,19902.438,21282.69141
Bitcoin,2022-11-06,2022-10-13,19443.79,17049.4,18956.27,19400.943,20926.48633
Bitcoin,2022-11-07,2022-10-13,19549.805,17702.98,19017.371,18988.43,20602.81641
Bitcoin,2022-11-08,2022-10-13,19016.648,17899.219,18829.812,19659.547,18541.27148
Bitcoin,2022-11-09,2022-10-13,18664.11,16427.285,18840.238,19480.832,15880.78027
Bitcoin,2022-11-10,2022-10-13,18295.82,17359.066,19005.135,20074.188,17586.77148
Bitcoin,2022-11-11,2022-10-13,18319.373,16629.97,18951.062,18711.219,17034.29297
Bitcoin,2022-11-12,2022-10-13,18158.406,17479.715,18940.146,18824.29,16799.18555
Bitcoin,2022-11-13,2022-11-12,16033.445,20296.54,17099.027,19598.98,16353.36523
Bitcoin,2022-11-14,2022-11-12,16512.107,19527.197,16884.938,19094.953,16618.19922
Bitcoin,2022-11-15,2022-11-12,15483.472,19590.57,16886.242,18923.049,16884.61328
Bitcoin,2022-11-16,2022-11-12,16006.752,20664.535,16482.352,15699.162,16669.43945
Bitcoin,2022-11-17,2022-11-12,15958.298,19556.906,16773.178,18103.61,16687.51758
Bitcoin,2022-11-18,2022-11-12,16419.703,19716.969,16722.918,20260.29,16697.77734
Bitcoin,2022-11-19,2022-11-12,16284.824,19203.621,16747.51,18503.305,16711.54688
Bitcoin,2022-11-20,2022-11-12,16524.07,19846.787,16549.715,21166.105,16291.83203
Bitcoin,2022-11-21,2022-11-12,16836.729,19736.014,16872.795,19327.691,15787.28418
Bitcoin,2022-11-22,2022-11-12,17240.988,20000.258,16770.238,17982.92,16189.76953
Bitcoin,2022-11-23,2022-11-12,17705.793,19571.328,16525.242,18834.574,16610.70703
Bitcoin,2022-11-24,2022-11-12,17735.96,19668.41,16882.379,16243.576,16604.46484
Bitcoin,2022-11-25,2022-11-12,17091.191,19859.008,16683.744,24779.219,16521.8418
Bitcoin,2022-11-26,2022-11-12,16795.125,19949.62,16669.914,17283.04,16464.28125
Bitcoin,2022-11-27,2022-11-12,15823.086,19192.078,16423.027,20137.68,16444.62695
Bitcoin,2022-11-28,2022-11-12,17005.88,20151.195,16559.508,18627.367,16217.32227
Bitcoin,2022-11-29,2022-11-12,16829.268,19167.816,16757.408,17405.23,16444.98242
Bitcoin,2022-11-30,2022-11-12,16779.855,19120.578,16749.676,13361.282,17168.56641
Bitcoin,2022-12-01,2022-11-12,16660.535,19239.56,16621.055,17587.578,16967.13281
Bitcoin,2022-12-02,2022-11-12,16659.59,18928.777,16698.438,18332.0,17088.66016
Bitcoin,2022-12-03,2022-11-12,16452.445,19011.137,16786.615,21945.96,16908.23633
Bitcoin,2022-12-04,2022-11-12,16294.641,19234.582,16297.377,18034.117,17130.48633
Bitcoin,2022-12-05,2022-11-12,17508.88,18955.215,16222.241,20414.568,16974.82617
Bitcoin,2022-12-06,2022-11-12,16827.207,19590.467,16381.836,18198.293,17089.50391
Bitcoin,2022-12-07,2022-11-12,17293.074,17860.926,16423.93,20225.4,16848.12695
Bitcoin,2022-12-08,2022-11-12,16495.158,20378.115,16598.596,20734.578,17233.47461
Bitcoin,2022-12-09,2022-11-12,17695.219,19864.188,16322.082,15818.066,17133.15234
Bitcoin,2022-12-10,2022-11-12,17361.809,20238.252,16402.938,18066.516,17128.72461
Bitcoin,2022-12-11,2022-11-12,17400.89,19367.805,16548.793,19840.861,17104.19336
Bitcoin,2022-12-12,2022-11-12,18250.77,19580.527,16385.145,18726.312,17206.4375
Bitcoin,2022-12-13,2022-12-12,17509.29,17997.883,16317.559,19012.352,17781.31836
Bitcoin,2022-12-14,2022-12-12,17363.883,18125.535,16294.197,18680.348,17815.65039
Bitcoin,2022-12-15,2022-12-12,17904.934,18224.625,16077.375,19044.975,17364.86523
Bitcoin,2022-12-16,2022-12-12,17661.127,17509.352,16301.854,19243.568,16647.48438
Bitcoin,2022-12-17,2022-12-12,17804.021,17670.096,16131.883,18905.691,16795.0918
Bitcoin,2022-12-18,2022-12-12,17890.168,17729.814,16115.244,18727.943,16757.97656
Bitcoin,2022-12-19,2022-12-12,17956.604,17937.55,16006.025,19057.004,16439.67969
Bitcoin,2022-12-20,2022-12-12,18358.541,17758.46,16223.961,18826.945,16906.30469
Bitcoin,2022-12-21,2022-12-12,18305.21,17960.27,16100.99,19177.174,16817.53516
Bitcoin,2022-12-22,2022-12-12,18169.994,17569.533,16097.705,18953.695,16830.3418
Bitcoin,2022-12-23,2022-12-12,18265.242,17377.11,15893.699,19124.016,16796.95313
Bitcoin,2022-12-24,2022-12-12,18665.383,17418.357,15895.289,19328.754,16847.75586
Bitcoin,2022-12-25,2022-12-12,18718.266,17655.396,15993.07,19073.637,16841.98633
Bitcoin,2022-12-26,2022-12-12,18426.48,17698.611,16080.207,18751.215,16919.80469
Bitcoin,2022-12-27,2022-12-12,18413.459,17470.258,16242.357,19172.46,16717.17383
Bitcoin,2022-12-28,2022-12-12,18246.885,17439.664,16305.946,19004.805,16552.57227
Bitcoin,2022-12-29,2022-12-12,18854.0,17983.213,16153.167,18914.727,16642.3418
Bitcoin,2022-12-30,2022-12-12,18582.941,17573.258,16202.238,19398.145,16602.58594
Bitcoin,2022-12-31,2022-12-12,18889.734,17694.303,16006.279,18862.246,16547.49609
Bitcoin,2023-01-01,2022-12-12,19124.34,17622.176,16086.996,18988.719,16625.08008
Bitcoin,2023-01-02,2022-12-12,18882.805,17270.44,16070.955,19337.27,16688.4707
Bitcoin,2023-01-03,2022-12-12,19081.285,17669.283,16111.274,18681.637,16679.85742
Bitcoin,2023-01-04,2022-12-12,18732.512,17022.36,15903.452,18448.516,16863.23828
Bitcoin,2023-01-05,2022-12-12,19269.84,17688.041,15817.002,18651.115,16836.73633
Bitcoin,2023-01-06,2022-12-12,18880.219,17146.254,15903.486,19441.617,16951.96875
Bitcoin,2023-01-07,2022-12-12,19074.75,17091.441,16101.695,18628.102,16955.07813
Bitcoin,2023-01-08,2022-12-12,19607.275,17247.56,15966.076,19195.602,17091.14453
Bitcoin,2023-01-09,2022-12-12,19273.27,17580.2,16350.537,18535.398,17196.55469
Bitcoin,2023-01-10,2022-12-12,19218.09,17012.928,15784.033,19199.723,17446.29297
Bitcoin,2023-01-11,2022-12-12,19002.09,17465.68,15867.451,18778.22,17934.89648
Bitcoin,2023-01-12,2023-01-11,18376.727,18196.61,17525.938,16773.152,18869.58789
Bitcoin,2023-01-13,2023-01-11,18545.951,18336.047,17581.447,16792.123,19909.57422
Bitcoin,2023-01-14,2023-01-11,18405.135,18632.645,17782.195,16765.895,20976.29883
Bitcoin,2023-01-15,2023-01-11,18287.562,18595.984,17603.207,16770.598,20880.79883
Bitcoin,2023-01-16,2023-01-11,18772.492,18118.29,17763.543,16775.078,21169.63281
Bitcoin,2023-01-17,2023-01-11,18628.574,18346.516,17627.32,16764.047,21161.51953
Bitcoin,2023-01-18,2023-01-11,18220.11,18664.7,17637.943,16782.262,20688.78125
Bitcoin,2023-01-19,2023-01-11,18442.566,18504.67,17583.87,16784.06,21086.79297
Bitcoin,2023-01-20,2023-01-11,18376.625,18778.36,17715.549,16772.703,22676.55273
Bitcoin,2023-01-21,2023-01-11,18487.164,18521.242,17644.004,16793.588,22777.625
Bitcoin,2023-01-22,2023-01-11,18131.516,18264.402,17427.34,16795.064,22720.41602
Bitcoin,2023-01-23,2023-01-11,18280.125,18273.328,17666.527,16772.893,22934.43164
Bitcoin,2023-01-24,2023-01-11,18302.133,18412.355,17691.133,16764.625,22636.46875
Bitcoin,2023-01-25,2023-01-11,18327.125,18366.398,17645.72,16774.5,23117.85938
Bitcoin,2023-01-26,2023-01-11,17768.65,18591.344,17764.35,16779.555,23032.77734
Bitcoin,2023-01-27,2023-01-11,18039.07,17903.848,17493.941,16789.557,23078.72852
Bitcoin,2023-01-28,2023-01-11,17928.465,18811.992,17493.287,16770.57,23031.08984
Bitcoin,2023-01-29,2023-01-11,18043.32,17765.146,17523.951,16771.54,23774.56641
Bitcoin,2023-01-30,2023-01-11,17881.742,17645.945,17656.426,16795.857,22840.13867
Bitcoin,2023-01-31,2023-01-11,18036.959,17665.41,17255.115,16760.297,23139.2832
Bitcoin,2023-02-01,2023-01-11,18120.418,17957.031,17576.627,16764.934,23723.76953
Bitcoin,2023-02-02,2023-01-11,17915.545,17820.242,17461.871,16783.814,23471.87109
Bitcoin,2023-02-03,2023-01-11,17746.217,18036.637,17501.047,16789.965,23449.32227
Bitcoin,2023-02-04,2023-01-11,17368.742,17693.156,17739.723,16763.236,23331.84766
Bitcoin,2023-02-05,2023-01-11,18432.701,18126.729,17937.27,16780.549,22955.66602
Bitcoin,2023-02-06,2023-01-11,18195.406,17893.895,17685.643,16770.51,22760.10938
Bitcoin,2023-02-07,2023-01-11,18636.543,17575.516,17587.807,16779.133,23264.29102
Bitcoin,2023-02-08,2023-01-11,18308.09,17612.902,17677.78,16771.887,22939.39844
Bitcoin,2023-02-09,2023-01-11,18382.574,17658.223,17702.533,16781.234,21819.03906
Bitcoin,2023-02-10,2023-01-11,18790.771,17351.44,17650.379,16773.48,21651.18359
Bitcoin,2023-02-11,2023-02-10,21224.129,23348.023,22147.303,22355.605,21870.875
Bitcoin,2023-02-12,2023-02-10,20920.719,22697.287,22593.71,22023.637,21788.20313
Bitcoin,2023-02-13,2023-02-10,20876.816,23006.379,22088.328,22272.639,21808.10156
Bitcoin,2023-02-14,2023-02-10,20751.336,23206.648,22036.414,22796.578,22220.80469
Bitcoin,2023-02-15,2023-02-10,20627.973,22987.26,22131.832,22797.43,24307.8418
Bitcoin,2023-02-16,2023-02-10,20615.059,23195.865,21973.984,23041.615,23623.47461
Bitcoin,2023-02-17,2023-02-10,21032.17,23525.7,22393.352,22949.154,24565.60156
Bitcoin,2023-02-18,2023-02-10,21438.197,23168.684,22056.365,22830.174,24641.27734
Bitcoin,2023-02-19,2023-02-10,21491.389,23470.566,21801.953,23075.479,24327.64258
Bitcoin,2023-02-20,2023-02-10,21471.445,23586.678,22202.879,22628.209,24829.14844
Bitcoin,2023-02-21,2023-02-10,21551.191,23997.18,22138.84,23037.912,24436.35352
Bitcoin,2023-02-22,2023-02-10,21400.947,23724.303,22051.162,22834.188,24188.84375
Bitcoin,2023-02-23,2023-02-10,21801.508,23724.621,21975.016,22614.965,23947.49219
Bitcoin,2023-02-24,2023-02-10,22061.113,23730.887,22352.031,23751.82,23198.12695
Bitcoin,2023-02-25,2023-02-10,22060.514,24163.844,22529.223,22970.814,23175.375
Bitcoin,2023-02-26,2023-02-10,21847.531,24049.707,22515.008,23299.82,23561.21289
Bitcoin,2023-02-27,2023-02-10,21950.213,24254.656,22386.07,23673.809,23522.87109
Bitcoin,2023-02-28,2023-02-10,21725.906,24099.223,22395.78,23481.21,23147.35352
Bitcoin,2023-03-01,2023-02-10,22176.158,24403.602,22579.895,23327.016,23646.55078
Bitcoin,2023-03-02,2023-02-10,22156.459,24440.25,22599.277,24182.738,23475.4668
Bitcoin,2023-03-03,2023-02-10,22001.135,24746.0,22703.281,23731.188,22362.67969
Bitcoin,2023-03-04,2023-02-10,22010.328,24799.271,22491.566,24188.379,22353.34961
Bitcoin,2023-03-05,2023-02-10,22129.293,24940.473,22450.95,24009.09,22435.51367
Bitcoin,2023-03-06,2023-02-10,22208.55,24622.188,22612.727,23609.488,22429.75781
Bitcoin,2023-03-07,2023-02-10,22245.398,24653.348,22493.922,23568.941,22219.76953
Bitcoin,2023-03-08,2023-02-10,22352.379,24865.99,22648.148,24216.086,21718.08008
Bitcoin,2023-03-09,2023-02-10,22453.717,25113.629,22770.469,23667.67,20363.02148
Bitcoin,2023-03-10,2023-02-10,22541.875,25449.758,23038.738,23904.55,20187.24414
Bitcoin,2023-03-11,2023-02-10,22525.41,25679.324,22707.29,24330.09,20632.41016
Bitcoin,2023-03-12,2023-02-10,22442.947,25407.336,22917.459,24496.016,22163.94922
Bitcoin,2023-03-13,2023-03-12,22426.732,25087.887,21239.41,20923.562,24197.5332
Bitcoin,2023-03-14,2023-03-12,22420.227,23278.398,21084.566,20462.367,24746.07422
Bitcoin,2023-03-15,2023-03-12,22091.926,23438.98,21448.83,20737.754,24375.96094
Bitcoin,2023-03-16,2023-03-12,22007.604,23152.807,20962.945,20814.703,25052.78906
Bitcoin,2023-03-17,2023-03-12,21758.984,24027.336,20479.105,20514.838,27423.92969
Bitcoin,2023-03-18,2023-03-12,21852.203,24348.766,20804.787,20579.414,26965.87891
Bitcoin,2023-03-19,2023-03-12,21801.402,23798.996,21084.498,20692.89,28038.67578
Bitcoin,2023-03-20,2023-03-12,21758.277,24643.848,21073.19,20474.695,27767.23633
Bitcoin,2023-03-21,2023-03-12,21580.045,24891.172,21778.766,20670.594,28175.81641
Bitcoin,2023-03-22,2023-03-12,21648.08,25282.719,20860.512,20250.705,27307.4375
Bitcoin,2023-03-23,2023-03-12,21970.76,25398.234,20915.537,20929.701,28333.97266
Bitcoin,2023-03-24,2023-03-12,21625.115,25069.506,20836.404,21202.145,27493.28516
Bitcoin,2023-03-25,2023-03-12,21810.666,25621.523,21011.102,20643.24,27494.70703
Bitcoin,2023-03-26,2023-03-12,21901.865,26628.191,20744.684,20749.928,27994.33008
Bitcoin,2023-03-27,2023-03-12,21787.062,26573.82,21197.326,20469.283,27139.88867
Bitcoin,2023-03-28,2023-03-12,21792.225,25521.045,20643.059,20657.588,27268.13086
Bitcoin,2023-03-29,2023-03-12,22028.504,25318.213,20919.883,20588.387,28348.44141
Bitcoin,2023-03-30,2023-03-12,22367.2,26877.895,21128.21,21166.574,28033.5625
Bitcoin,2023-03-31,2023-03-12,22490.068,26411.422,20769.078,20825.668,28478.48438
Bitcoin,2023-04-01,2023-03-12,22895.572,27785.27,20646.0,20995.258,28411.03516
Bitcoin,2023-04-02,2023-03-12,22892.059,27329.363,20905.695,20701.271,28199.30859
Bitcoin,2023-04-03,2023-03-12,23116.203,28363.984,20827.82,20712.672,27790.2207
Bitcoin,2023-04-04,2023-03-12,23186.154,27784.0,21199.113,21181.07,28168.08984
Bitcoin,2023-04-05,2023-03-12,23342.43,29242.82,21402.107,20721.941,28177.98438
Bitcoin,2023-04-06,2023-03-12,23752.422,26669.355,21368.168,20602.805,28044.14063
Bitcoin,2023-04-07,2023-03-12,23636.39,28104.047,21391.746,21149.305,27925.85938
Bitcoin,2023-04-08,2023-03-12,24168.902,28191.953,20605.566,20654.934,27947.79492
Bitcoin,2023-04-09,2023-03-12,24254.172,28334.812,21790.707,20950.594,28333.05078
Bitcoin,2023-04-10,2023-03-12,24494.922,28372.59,21193.25,20782.44,29652.98047
Bitcoin,2023-04-11,2023-03-12,24440.477,30330.207,22016.559,20888.928,30235.05859
Bitcoin,2023-04-12,2023-04-11,30059.785,29086.133,28510.895,30455.85,30139.05273
Bitcoin,2023-04-13,2023-04-11,30468.682,30080.588,28512.215,28539.043,30399.06641
Bitcoin,2023-04-14,2023-04-11,31495.578,29889.807,29191.41,25824.5,30485.69922
Bitcoin,2023-04-15,2023-04-11,30516.43,30076.03,29562.293,29722.896,30318.49609
Bitcoin,2023-04-16,2023-04-11,30946.688,30016.377,29327.883,30822.402,30315.35547
Bitcoin,2023-04-17,2023-04-11,30265.623,30056.445,29550.25,29902.342,29445.04492
Bitcoin,2023-04-18,2023-04-11,31131.027,31304.44,29537.982,29907.29,30397.55273
Bitcoin,2023-04-19,2023-04-11,31139.555,30457.979,29896.35,29613.746,28822.67969
Bitcoin,2023-04-20,2023-04-11,30580.781,30135.338,29765.729,30812.1,28245.98828
Bitcoin,2023-04-21,2023-04-11,31106.646,29537.807,30186.6,28847.453,27276.91016
Bitcoin,2023-04-22,2023-04-11,32014.348,30235.354,30514.209,29935.889,27817.5
Bitcoin,2023-04-23,2023-04-11,32245.432,29509.762,30398.355,31175.566,27591.38477
Bitcoin,2023-04-24,2023-04-11,31792.7,30445.36,31174.312,32451.07,27525.33984
Bitcoin,2023-04-25,2023-04-11,32490.336,29791.588,31948.377,22926.809,28307.59766
Bitcoin,2023-04-26,2023-04-11,33605.984,30083.277,31399.223,31165.904,28422.70117
Bitcoin,2023-04-27,2023-04-11,34666.08,29503.955,32035.826,28814.703,29473.78711
Bitcoin,2023-04-28,2023-04-11,34620.39,31435.889,32499.898,32815.992,29340.26172
Bitcoin,2023-04-29,2023-04-11,35016.9,30767.406,32693.021,31100.256,29248.48828
Bitcoin,2023-04-30,2023-04-11,35173.81,31991.68,33153.992,31984.166,29268.80664
Bitcoin,2023-05-01,2023-04-11,34444.36,30458.87,33264.707,33058.86,28091.56836
Bitcoin,2023-05-02,2023-04-11,33251.938,30316.191,33279.82,33163.93,28680.53711
Bitcoin,2023-05-03,2023-04-11,32839.914,29103.314,33640.67,32695.627,29006.30859
Bitcoin,2023-05-04,2023-04-11,33897.258,31514.074,33429.113,33029.598,28847.71094
Bitcoin,2023-05-05,2023-04-11,33779.977,28954.592,34304.184,30499.672,29534.38477
Bitcoin,2023-05-06,2023-04-11,33216.883,30440.66,34813.277,30601.654,28904.62305
Bitcoin,2023-05-07,2023-04-11,32790.156,29286.186,34257.367,31525.13,28454.97852
Bitcoin,2023-05-08,2023-04-11,33462.055,30176.18,34691.21,34035.824,27694.27344
Bitcoin,2023-05-09,2023-04-11,34804.844,29448.586,34634.01,34684.258,27658.77539
Bitcoin,2023-05-10,2023-04-11,35033.844,30829.52,34942.85,32240.01,27621.75586
Bitcoin,2023-05-11,2023-04-11,35486.336,29350.79,34962.53,33743.96,27000.78906
Bitcoin,2023-05-12,2023-05-11,27427.29,27886.02,27681.07,25719.488,26804.99023
Bitcoin,2023-05-13,2023-05-11,27875.363,28226.85,28302.387,26917.719,26784.07813
Bitcoin,2023-05-14,2023-05-11,27415.344,27804.527,28194.305,26731.613,26930.63867
Bitcoin,2023-05-15,2023-05-11,27196.99,27216.422,28061.668,26128.277,27192.69336
Bitcoin,2023-05-16,2023-05-11,26586.758,27495.045,28083.818,26389.57,27036.65039
Bitcoin,2023-05-17,2023-05-11,26471.53,27502.738,28066.266,26258.602,27398.80273
Bitcoin,2023-05-18,2023-05-11,27071.107,27677.432,28257.258,25862.227,26832.20898
Bitcoin,2023-05-19,2023-05-11,27702.688,28156.05,27726.365,25910.027,26890.12891
Bitcoin,2023-05-20,2023-05-11,27339.49,27247.822,28044.102,25833.723,27129.58594
Bitcoin,2023-05-21,2023-05-11,27289.633,27699.045,28523.348,25171.312,26753.82617
Bitcoin,2023-05-22,2023-05-11,27820.615,27284.973,28388.59,26468.777,26851.27734
Bitcoin,2023-05-23,2023-05-11,27676.914,27594.332,28350.408,26758.32,27225.72656
Bitcoin,2023-05-24,2023-05-11,27192.21,27654.754,27969.072,26794.219,26334.81836
Bitcoin,2023-05-25,2023-05-11,27337.768,26776.527,28428.463,26147.545,26476.20703
Bitcoin,2023-05-26,2023-05-11,27680.54,27766.785,28789.13,26635.232,26719.29102
Bitcoin,2023-05-27,2023-05-11,27971.932,27281.81,27881.594,26950.951,26868.35352
Bitcoin,2023-05-28,2023-05-11,27985.566,26856.959,27822.05,25565.469,28085.64648
Bitcoin,2023-05-29,2023-05-11,28315.83,27673.373,28418.26,27051.016,27745.88477
Bitcoin,2023-05-30,2023-05-11,28259.25,26382.598,28384.04,26798.053,27702.34961
Bitcoin,2023-05-31,2023-05-11,27233.832,26780.773,28236.195,25694.578,27219.6582
Bitcoin,2023-06-01,2023-05-11,27126.982,26551.637,28266.791,26590.494,26819.97266
Bitcoin,2023-06-02,2023-05-11,27708.434,26844.348,28279.271,26789.998,27249.58984
Bitcoin,2023-06-03,2023-05-11,27912.498,26946.115,28337.13,26569.27,27075.12891
Bitcoin,2023-06-04,2023-05-11,27880.41,26314.75,28977.93,26280.264,27119.06641
Bitcoin,2023-06-05,2023-05-11,28369.143,26854.473,28076.816,27110.86,25760.09766
Bitcoin,2023-06-06,2023-05-11,28321.596,25673.568,28882.412,27040.076,27238.7832
Bitcoin,2023-06-07,2023-05-11,28661.434,26949.633,28574.725,25102.117,26345.99805
Bitcoin,2023-06-08,2023-05-11,28984.168,26274.938,29158.01,26547.885,26508.2168
Bitcoin,2023-06-09,2023-05-11,28259.629,26675.691,28930.99,27639.756,26480.375
Bitcoin,2023-06-10,2023-05-11,27946.193,26710.158,28426.312,26969.459,25851.24023
Bitcoin,2023-06-11,2023-06-10,25445.666,26150.117,23874.04,28409.562,25940.16797
Bitcoin,2023-06-12,2023-06-10,25526.535,26032.482,23498.719,28176.5,25902.5
Bitcoin,2023-06-13,2023-06-10,25363.355,26610.797,22801.2,28398.867,25918.72852
Bitcoin,2023-06-14,2023-06-10,25711.477,26144.398,23622.79,28626.207,25124.67578
Bitcoin,2023-06-15,2023-06-10,25808.957,25957.555,23326.352,28672.04,25576.39453
Bitcoin,2023-06-16,2023-06-10,25567.379,26149.488,24060.127,28385.762,26327.46289
Bitcoin,2023-06-17,2023-06-10,25810.336,26504.191,23919.021,28511.875,26510.67578
Bitcoin,2023-06-18,2023-06-10,25912.174,26534.97,23235.207,28674.11,26336.21289
Bitcoin,2023-06-19,2023-06-10,25770.965,26360.707,24158.662,28647.86,26851.0293
Bitcoin,2023-06-20,2023-06-10,25985.945,26099.424,23599.75,28565.332,28327.48828
Bitcoin,2023-06-21,2023-06-10,25849.688,26544.508,24150.918,28599.496,30027.29688
Bitcoin,2023-06-22,2023-06-10,26059.285,26289.71,23368.258,28504.367,29912.28125
Bitcoin,2023-06-23,2023-06-10,25898.719,26152.523,23097.15,28675.496,30695.46875
Bitcoin,2023-06-24,2023-06-10,25597.428,26720.762,23563.027,29111.758,30548.69531
Bitcoin,2023-06-25,2023-06-10,26101.832,26903.852,23801.258,28517.844,30480.26172
Bitcoin,2023-06-26,2023-06-10,26060.518,26700.832,23005.611,28254.371,30271.13086
Bitcoin,2023-06-27,2023-06-10,25712.883,26741.457,24254.795,29159.809,30688.16406
Bitcoin,2023-06-28,2023-06-10,25982.33,26507.988,23346.648,28792.059,30086.24609
Bitcoin,2023-06-29,2023-06-10,26207.121,26883.285,24473.963,28787.309,30445.35156
Bitcoin,2023-06-30,2023-06-10,25967.291,26692.25,24438.848,29372.566,30477.25195
Bitcoin,2023-07-01,2023-06-10,26370.535,26668.7,23261.898,28888.61,30590.07813
Bitcoin,2023-07-02,2023-06-10,26244.67,26671.773,23172.336,28616.29,30620.76953
Bitcoin,2023-07-03,2023-06-10,26617.79,27153.277,23234.328,28733.246,31156.43945
Bitcoin,2023-07-04,2023-06-10,26600.586,26990.504,22922.033,28601.129,30777.58203
Bitcoin,2023-07-05,2023-06-10,26440.328,27169.754,22787.32,29277.062,30514.16602
Bitcoin,2023-07-06,2023-06-10,26779.355,27389.457,23252.352,29028.383,29909.33789
Bitcoin,2023-07-07,2023-06-10,26956.828,26461.902,23220.68,28875.754,30342.26563
Bitcoin,2023-07-08,2023-06-10,26720.508,26886.797,21672.805,28827.863,30292.54102
Bitcoin,2023-07-09,2023-06-10,26855.082,26462.445,21749.658,29203.602,30171.23438
Bitcoin,2023-07-10,2023-06-10,26562.793,26602.484,21890.94,29107.027,30414.4707
Bitcoin,2023-07-11,2023-07-10,30533.65,28079.281,30589.67,29323.771,30620.95117
Bitcoin,2023-07-12,2023-07-10,30540.24,28851.94,30502.773,29715.207,30391.64648
Bitcoin,2023-07-13,2023-07-10,30588.523,28851.67,29849.342,30095.168,31476.04883
Bitcoin,2023-07-14,2023-07-10,30661.06,28913.695,30688.113,30235.387,30334.06836
Bitcoin,2023-07-15,2023-07-10,30457.047,28635.44,30954.426,29869.453,30295.80664
Bitcoin,2023-07-16,2023-07-10,30731.73,28093.184,30936.021,30051.738,30249.13281
Bitcoin,2023-07-17,2023-07-10,30694.27,28112.234,30661.941,29975.627,30145.88867
Bitcoin,2023-07-18,2023-07-10,30671.113,29362.908,30605.135,30412.139,29856.5625
Bitcoin,2023-07-19,2023-07-10,30712.273,28145.81,29877.889,29851.666,29913.92383
Bitcoin,2023-07-20,2023-07-10,30538.734,29187.28,30363.264,30593.502,29792.01563
Bitcoin,2023-07-21,2023-07-10,30329.207,28714.62,30587.658,29929.25,29908.74414
Bitcoin,2023-07-22,2023-07-10,30400.186,28346.041,30878.555,30752.482,29771.80273
Bitcoin,2023-07-23,2023-07-10,30386.979,27988.045,30831.51,30227.812,30084.53906
Bitcoin,2023-07-24,2023-07-10,30297.525,29130.55,30424.975,29942.092,29176.91602
Bitcoin,2023-07-25,2023-07-10,30204.996,28163.057,30455.008,30403.438,29227.39063
Bitcoin,2023-07-26,2023-07-10,30152.285,28974.78,31240.236,29519.07,29354.97266
Bitcoin,2023-07-27,2023-07-10,29996.129,29215.133,31080.28,30288.773,29210.68945
Bitcoin,2023-07-28,2023-07-10,30059.207,28937.395,30764.506,29776.81,29319.24609
Bitcoin,2023-07-29,2023-07-10,29867.047,28776.904,31054.727,29739.082,29356.91797
Bitcoin,2023-07-30,2023-07-10,29686.703,27471.11,30721.932,30307.816,29275.30859
Bitcoin,2023-07-31,2023-07-10,29761.236,28507.598,30434.768,30189.898,29230.11133
Bitcoin,2023-08-01,2023-07-10,29809.17,27912.797,30521.97,30297.605,29675.73242
Bitcoin,2023-08-02,2023-07-10,29528.57,28166.207,30296.664,30672.541,29151.95898
Bitcoin,2023-08-03,2023-07-10,29665.066,28774.193,29998.877,29510.328,29178.67969
Bitcoin,2023-08-04,2023-07-10,29382.158,28854.793,30660.854,30419.646,29074.0918
Bitcoin,2023-08-05,2023-07-10,29315.416,28058.938,30014.285,30561.791,29042.12695
Bitcoin,2023-08-06,2023-07-10,29395.291,28440.547,30960.229,30304.156,29041.85547
Bitcoin,2023-08-07,2023-07-10,29523.393,29523.365,29352.953,30550.125,29180.57813
Bitcoin,2023-08-08,2023-07-10,29320.527,29545.512,30154.004,30152.465,29765.49219
Bitcoin,2023-08-09,2023-07-10,29349.658,28882.918,29743.844,30359.57,29561.49414
Bitcoin,2023-08-10,2023-08-09,29399.13,30509.611,30062.594,30300.084,29429.5918
Bitcoin,2023-08-11,2023-08-09,29866.803,28552.219,30169.973,30170.178,29397.71484
Bitcoin,2023-08-12,2023-08-09,30072.547,29449.375,30188.691,30423.146,29415.96484
Bitcoin,2023-08-13,2023-08-09,29996.16,29128.803,30217.125,29576.691,29282.91406
Bitcoin,2023-08-14,2023-08-09,29855.037,28738.992,30240.568,30310.996,29408.44336
Bitcoin,2023-08-15,2023-08-09,29845.428,28403.842,30106.959,29953.814,29170.34766
Bitcoin,2023-08-16,2023-08-09,30737.537,28830.0,30249.078,29560.035,28701.7793
Bitcoin,2023-08-17,2023-08-09,30762.139,29436.906,30291.828,29645.896,26664.55078
Bitcoin,2023-08-18,2023-08-09,30468.492,29262.484,30221.393,30093.467,26049.55664
Bitcoin,2023-08-19,2023-08-09,30695.152,29439.857,30356.434,29717.11,26096.20508
Bitcoin,2023-08-20,2023-08-09,30776.986,29692.373,30487.438,30367.076,26189.58398
Bitcoin,2023-08-21,2023-08-09,30892.06,29581.5,30576.502,30073.379,26124.14063
Bitcoin,2023-08-22,2023-08-09,30924.547,30818.668,30237.182,30326.25,26031.65625
Bitcoin,2023-08-23,2023-08-09,31251.86,28896.176,30543.188,30800.87,26431.64063
Bitcoin,2023-08-24,2023-08-09,31155.215,30231.574,30618.16,30439.27,26162.37305
Bitcoin,2023-08-25,2023-08-09,31145.188,30351.25,30713.215,29777.236,26047.66797
Bitcoin,2023-08-26,2023-08-09,31323.818,28863.469,30563.76,29880.725,26008.46289
Bitcoin,2023-08-27,2023-08-09,31279.027,30432.207,30695.514,30891.773,26089.69336
Bitcoin,2023-08-28,2023-08-09,30837.861,29975.395,30930.043,30752.205,26106.15039
Bitcoin,2023-08-29,2023-08-09,31191.8,29697.998,30974.963,30808.705,27727.39258
Bitcoin,2023-08-30,2023-08-09,31156.66,29367.906,30865.766,29844.232,27297.26563
Bitcoin,2023-08-31,2023-08-09,31322.78,30200.521,31014.627,30488.342,25931.47266
Bitcoin,2023-09-01,2023-08-09,31186.797,29057.252,31168.271,30192.143,25800.72461
Bitcoin,2023-09-02,2023-08-09,31263.791,29567.393,31076.197,30800.318,25868.79883
Bitcoin,2023-09-03,2023-08-09,31967.006,29724.092,31349.027,30602.53,25969.56641
Bitcoin,2023-09-04,2023-08-09,31981.652,30637.854,31374.938,30300.004,25812.41602
Bitcoin,2023-09-05,2023-08-09,32040.672,28871.547,31782.697,30533.58,25779.98242
Bitcoin,2023-09-06,2023-08-09,31887.273,30053.473,31875.17,30247.701,25753.23633
Bitcoin,2023-09-07,2023-08-09,32275.27,28940.219,32015.318,31037.688,26240.19531
Bitcoin,2023-09-08,2023-08-09,32380.955,30437.084,32178.523,30349.854,25905.6543
Bitcoin,2023-09-09,2023-09-08,25774.598,25060.785,25586.902,28254.703,25895.67773
Bitcoin,2023-09-10,2023-09-08,25914.662,25865.504,25586.766,28979.93,25832.22656
Bitcoin,2023-09-11,2023-09-08,25896.697,24816.734,25442.766,29036.71,25162.6543
Bitcoin,2023-09-12,2023-09-08,25842.934,25012.793,25457.107,29491.832,25833.34375
Bitcoin,2023-09-13,2023-09-08,25697.652,25019.77,25494.727,29037.273,26228.32422
Bitcoin,2023-09-14,2023-09-08,25843.348,24802.91,25674.36,28674.2,26539.67383
Bitcoin,2023-09-15,2023-09-08,25739.977,25015.383,25605.727,29366.066,26608.69336
Bitcoin,2023-09-16,2023-09-08,25574.793,24940.59,25327.229,28733.68,26568.28125
Bitcoin,2023-09-17,2023-09-08,25884.037,25230.809,25602.89,28667.27,26534.1875
Bitcoin,2023-09-18,2023-09-08,25841.393,25140.152,25455.377,29491.336,26754.28125
Bitcoin,2023-09-19,2023-09-08,25737.217,24839.504,25534.363,29098.969,27211.11719
Bitcoin,2023-09-20,2023-09-08,25733.295,25196.008,25422.82,28825.797,27132.00781
Bitcoin,2023-09-21,2023-09-08,25737.566,24931.527,25513.68,29155.367,26567.63281
Bitcoin,2023-09-22,2023-09-08,25591.062,24733.426,25638.445,28727.637,26579.56836
Bitcoin,2023-09-23,2023-09-08,25912.25,25677.148,25632.44,28484.145,26579.39063
Bitcoin,2023-09-24,2023-09-08,25820.23,25357.508,25565.215,28964.797,26256.82617
Bitcoin,2023-09-25,2023-09-08,25880.406,24823.674,25628.102,28950.316,26298.48047
Bitcoin,2023-09-26,2023-09-08,25998.06,25893.746,25706.807,29029.664,26217.25
Bitcoin,2023-09-27,2023-09-08,25931.027,26127.91,25499.902,29067.387,26352.7168
Bitcoin,2023-09-28,2023-09-08,25861.148,24869.453,25492.512,29022.398,27021.54688
Bitcoin,2023-09-29,2023-09-08,25996.652,26126.1,25524.393,29488.512,26911.7207
Bitcoin,2023-09-30,2023-09-08,26172.387,25122.52,25549.043,28806.996,26967.91602
Bitcoin,2023-10-01,2023-09-08,25781.877,25612.035,25636.857,29742.305,27983.75
Bitcoin,2023-10-02,2023-09-08,25995.816,25592.992,25649.848,28932.18,27530.78516
Bitcoin,2023-10-03,2023-09-08,25777.871,25865.848,25577.266,28976.543,27429.97852
Bitcoin,2023-10-04,2023-09-08,25792.855,26040.441,25505.707,29235.523,27799.39453
Bitcoin,2023-10-05,2023-09-08,25855.26,25479.156,25437.809,29484.273,27415.91211
Bitcoin,2023-10-06,2023-09-08,25583.574,26242.504,25409.953,29388.719,27946.59766
Bitcoin,2023-10-07,2023-09-08,25705.691,25937.334,25405.992,29383.703,27968.83984
Bitcoin,2023-10-08,2023-09-08,25822.383,26399.697,25248.98,29828.059,27935.08984
Bitcoin,2023-10-09,2023-10-08,28280.379,27478.89,28486.598,27826.895,27583.67773
Bitcoin,2023-10-10,2023-10-08,28533.988,27880.55,28665.742,27720.695,27391.01953
Bitcoin,2023-10-11,2023-10-08,28966.652,27886.012,28613.668,27481.688,26873.32031
Bitcoin,2023-10-12,2023-10-08,28362.922,27681.316,28598.945,27269.34,26756.79883
Bitcoin,2023-10-13,2023-10-08,28465.605,27561.691,28510.281,27656.004,26862.375
Bitcoin,2023-10-14,2023-10-08,28038.121,27640.703,28604.477,27679.035,26861.70703
Bitcoin,2023-10-15,2023-10-08,28191.895,27992.086,28691.895,27093.363,27159.65234
Bitcoin,2023-10-16,2023-10-08,27632.441,27453.43,28687.227,27411.16,28519.4668
Bitcoin,2023-10-17,2023-10-08,27574.367,27802.598,28828.062,27904.617,28415.74805
Bitcoin,2023-10-18,2023-10-08,27331.363,27447.04,28939.82,27166.674,28328.3418
Bitcoin,2023-10-19,2023-10-08,26129.191,27406.035,29142.375,27092.012,28719.80664
Bitcoin,2023-10-20,2023-10-08,25815.412,27345.848,29086.977,27895.508,29682.94922
Bitcoin,2023-10-21,2023-10-08,25488.59,27526.008,29095.465,27636.332,29918.41211
Bitcoin,2023-10-22,2023-10-08,25331.568,27081.23,28943.871,27529.555,29993.89648
Bitcoin,2023-10-23,2023-10-08,24497.79,27279.91,28942.648,27393.602,33086.23438
Bitcoin,2023-10-24,2023-10-08,24382.072,26972.203,28926.387,27140.836,33901.52734
Bitcoin,2023-10-25,2023-10-08,23656.906,27586.86,28730.184,26427.164,34502.82031
Bitcoin,2023-10-26,2023-10-08,23800.535,26997.2,28687.027,27818.809,34156.64844
Bitcoin,2023-10-27,2023-10-08,23639.605,27290.648,28332.336,27596.055,33909.80078
Bitcoin,2023-10-28,2023-10-08,22989.473,26974.709,28284.355,27844.117,34089.57422
Bitcoin,2023-10-29,2023-10-08,23162.715,27244.422,28214.898,26764.508,34538.48047
Bitcoin,2023-10-30,2023-10-08,22971.39,26849.191,28029.898,27290.129,34502.36328
Bitcoin,2023-10-31,2023-10-08,22751.48,26822.398,27996.52,27405.39,34667.78125
Bitcoin,2023-11-01,2023-10-08,23494.965,26478.996,28069.484,27476.73,35437.25391
Bitcoin,2023-11-02,2023-10-08,22815.973,26818.05,28121.07,27501.484,34938.24219
Bitcoin,2023-11-03,2023-10-08,22346.621,26412.703,28040.738,27715.082,34732.32422
Bitcoin,2023-11-04,2023-10-08,22743.617,26845.965,28201.074,28218.777,35082.19531
Bitcoin,2023-11-05,2023-10-08,22778.723,26418.547,28138.52,27451.312,35049.35547
Bitcoin,2023-11-06,2023-10-08,22584.576,26768.74,28337.125,27134.896,35037.37109
Bitcoin,2023-11-07,2023-10-08,22417.93,26520.48,28045.742,26932.568,35443.5625
Bitcoin,2023-11-08,2023-11-07,35067.363,37035.19,35921.188,31686.879,35655.27734
Bitcoin,2023-11-09,2023-11-07,34877.336,35333.28,35697.742,31751.111,36693.125
Bitcoin,2023-11-10,2023-11-07,34604.758,37469.11,36361.69,31742.81,37313.96875
Bitcoin,2023-11-11,2023-11-07,34502.555,37529.11,35843.906,31849.898,37138.05078
Bitcoin,2023-11-12,2023-11-07,34216.31,36254.965,36463.418,31767.787,37054.51953
Bitcoin,2023-11-13,2023-11-07,33557.492,38118.14,36888.0,31999.678,36502.35547
Bitcoin,2023-11-14,2023-11-07,33566.28,36949.105,36415.49,31924.557,35537.64063
Bitcoin,2023-11-15,2023-11-07,32756.213,39048.258,35918.953,31855.633,37880.58203
Bitcoin,2023-11-16,2023-11-07,32920.695,36630.664,36286.83,32112.32,36154.76953
Bitcoin,2023-11-17,2023-11-07,32150.174,39292.11,36078.953,32141.496,36596.68359
Bitcoin,2023-11-18,2023-11-07,32592.664,38854.82,35927.977,32476.814,36585.70313
Bitcoin,2023-11-19,2023-11-07,32282.678,38970.312,36402.844,32724.178,37386.54688
Bitcoin,2023-11-20,2023-11-07,32221.045,39212.086,36247.773,32913.582,37476.95703
Bitcoin,2023-11-21,2023-11-07,32763.783,39564.13,36367.844,32444.57,35813.8125
Bitcoin,2023-11-22,2023-11-07,32790.91,40560.8,36712.117,32903.992,37432.33984
Bitcoin,2023-11-23,2023-11-07,32894.09,39142.43,36484.945,32924.758,37289.62109
Bitcoin,2023-11-24,2023-11-07,32542.896,40049.773,36115.3,32717.46,37720.28125
Bitcoin,2023-11-25,2023-11-07,33037.184,39785.688,36377.906,32746.832,37796.79297
Bitcoin,2023-11-26,2023-11-07,33239.04,40269.06,36526.996,32880.46,37479.12109
Bitcoin,2023-11-27,2023-11-07,33536.414,39631.344,35588.555,32957.1,37254.16797
Bitcoin,2023-11-28,2023-11-07,33207.227,39089.64,36472.812,33349.684,37831.08594
Bitcoin,2023-11-29,2023-11-07,33105.273,39819.57,36018.46,33266.348,37858.49219
Bitcoin,2023-11-30,2023-11-07,33379.324,38946.83,36425.17,32965.766,37712.74609
Bitcoin,2023-12-01,2023-11-07,33496.945,41625.016,36941.883,33028.39,38688.75
Bitcoin,2023-12-02,2023-11-07,33828.266,40262.1,37330.133,33442.934,39476.33203
Bitcoin,2023-12-03,2023-11-07,33981.188,40455.742,36306.938,33276.39,39978.39063
Bitcoin,2023-12-04,2023-11-07,33783.117,40912.8,35955.406,33295.08,41980.09766
Bitcoin,2023-12-05,2023-11-07,32973.02,40769.156,36311.113,33875.152,44080.64844
Bitcoin,2023-12-06,2023-11-07,33565.93,35702.883,36535.035,33462.92,43746.44531
Bitcoin,2023-12-07,2023-11-07,32970.5,38961.242,36519.13,34103.688,43292.66406
Bitcoin,2023-12-08,2023-12-07,43305.29,41399.875,44598.156,38083.78,44166.60156
Bitcoin,2023-12-09,2023-12-07,43464.36,41521.746,44779.016,38820.758,43725.98438
Bitcoin,2023-12-10,2023-12-07,43645.67,41823.695,45357.695,38593.258,43779.69922
Bitcoin,2023-12-11,2023-12-07,43279.945,42524.64,43651.895,38072.59,41243.83203
Bitcoin,2023-12-12,2023-12-07,43366.977,42624.49,45074.117,38498.92,41450.22266
Bitcoin,2023-12-13,2023-12-07,43099.633,42295.42,45660.266,39236.383,42890.74219
Bitcoin,2023-12-14,2023-12-07,43396.24,42296.414,44856.477,39255.67,43023.97266
Bitcoin,2023-12-15,2023-12-07,42786.844,42892.78,44487.29,39689.555,41929.75781
Bitcoin,2023-12-16,2023-12-07,43428.105,42583.17,45198.67,39116.973,42240.11719
Bitcoin,2023-12-17,2023-12-07,43179.258,43784.508,43886.29,38365.727,41364.66406
Bitcoin,2023-12-18,2023-12-07,42601.383,43692.812,44662.633,37560.918,42623.53906
Bitcoin,2023-12-19,2023-12-07,43150.79,44122.617,45155.062,39998.43,42270.52734
Bitcoin,2023-12-20,2023-12-07,43438.406,44220.227,44574.57,40140.14,43652.25
Bitcoin,2023-12-21,2023-12-07,42959.277,42959.562,45078.453,38787.426,43869.15234
Bitcoin,2023-12-22,2023-12-07,43027.223,43638.953,44326.53,39343.344,43997.90234
Bitcoin,2023-12-23,2023-12-07,43098.1,44352.18,44470.117,35638.17,43739.54297
Bitcoin,2023-12-24,2023-12-07,43522.297,43727.04,43611.203,40117.047,43016.11719
Bitcoin,2023-12-25,2023-12-07,43233.57,44737.805,44968.484,39676.223,43613.14063
Bitcoin,2023-12-26,2023-12-07,43365.297,44524.445,44419.97,39756.71,42520.40234
Bitcoin,2023-12-27,2023-12-07,43237.297,44480.867,45480.016,39538.508,43442.85547
Bitcoin,2023-12-28,2023-12-07,43748.348,45090.492,44374.023,39646.9,42627.85547
Bitcoin,2023-12-29,2023-12-07,43530.582,46423.15,45531.83,40119.863,42099.40234
Bitcoin,2023-12-30,2023-12-07,43805.633,45121.54,44017.57,40267.3,42156.90234
Bitcoin,2023-12-31,2023-12-07,43968.227,46163.875,45211.53,40347.14,42265.1875
Bitcoin,2024-01-01,2023-12-07,43793.78,46420.344,46297.36,40366.562,44167.33203
Bitcoin,2024-01-02,2023-12-07,44575.156,46447.273,45690.22,41281.227,44957.96875
Bitcoin,2024-01-03,2023-12-07,44445.117,46222.438,46378.65,40621.105,42848.17578
Bitcoin,2024-01-04,2023-12-07,44471.203,45470.46,46448.375,41149.64,44179.92188
Bitcoin,2024-01-05,2023-12-07,44458.22,46449.664,47232.03,41246.586,44162.69141
Bitcoin,2024-01-06,2023-12-07,44748.36,47124.64,46814.523,40907.586,43989.19531
Bitcoin,2024-01-07,2024-01-06,44784.395,45292.207,44356.24,49456.883,43943.09766
Bitcoin,2024-01-08,2024-01-06,44541.562,45772.465,44413.688,47588.31,46970.50391
Bitcoin,2024-01-09,2024-01-06,44024.79,45334.91,44696.43,48076.684,46139.73047
Bitcoin,2024-01-10,2024-01-06,45194.477,45784.11,44494.53,50002.91,46627.77734
Bitcoin,2024-01-11,2024-01-06,45572.348,46908.645,44915.125,51084.242,46368.58594
Bitcoin,2024-01-12,2024-01-06,45862.1,46059.234,44884.98,52081.723,42853.16797
Bitcoin,2024-01-13,2024-01-06,44838.547,45668.83,44630.293,50225.55,42842.38281
Bitcoin,2024-01-14,2024-01-06,46070.996,45443.68,44433.13,52208.688,41796.26953
Bitcoin,2024-01-15,2024-01-06,44688.008,45472.58,44736.008,49787.12,42511.96875
Bitcoin,2024-01-16,2024-01-06,45994.855,45772.52,44591.34,53376.69,43154.94531
Bitcoin,2024-01-17,2024-01-06,46465.617,45579.168,43943.36,53263.527,42742.65234
Bitcoin,2024-01-18,2024-01-06,45913.414,46079.285,44834.25,54135.04,41262.05859
Bitcoin,2024-01-19,2024-01-06,46021.047,46042.754,44881.31,55521.395,41618.40625
Bitcoin,2024-01-20,2024-01-06,46073.027,46837.758,43720.938,54425.96,41665.58594
Bitcoin,2024-01-21,2024-01-06,46688.27,48404.016,45025.246,55348.76,41545.78516
Bitcoin,2024-01-22,2024-01-06,46859.285,46981.914,44184.316,55802.094,39507.36719
Bitcoin,2024-01-23,2024-01-06,46800.605,46707.605,44162.17,56614.99,39845.55078
Bitcoin,2024-01-24,2024-01-06,47043.03,46897.246,45020.188,56125.332,40077.07422
Bitcoin,2024-01-25,2024-01-06,47347.77,46505.887,44585.555,57819.5,39933.80859
Bitcoin,2024-01-26,2024-01-06,47517.406,47923.746,43668.46,56747.27,41816.87109
Bitcoin,2024-01-27,2024-01-06,47812.11,47847.844,45135.94,59893.83,42120.05469
Bitcoin,2024-01-28,2024-01-06,47876.375,47080.555,44316.473,58391.48,42035.59375
Bitcoin,2024-01-29,2024-01-06,48430.848,47076.098,44735.363,59149.625,43288.24609
Bitcoin,2024-01-30,2024-01-06,48016.805,47417.832,44963.945,61612.324,42952.60938
Bitcoin,2024-01-31,2024-01-06,49733.09,47584.62,45252.664,59730.844,42582.60547
Bitcoin,2024-02-01,2024-01-06,49849.484,47124.22,44743.246,61288.312,43075.77344
Bitcoin,2024-02-02,2024-01-06,50863.215,46859.594,44436.79,61047.723,43185.85938
Bitcoin,2024-02-03,2024-01-06,50222.5,46667.83,45216.062,61046.945,42992.25
Bitcoin,2024-02-04,2024-01-06,50718.28,47019.297,44610.0,61619.344,42583.58203
Bitcoin,2024-02-05,2024-01-06,51899.32,47050.023,44652.02,59136.01,42658.66797
Bitcoin,2024-02-06,2024-02-05,42737.023,42582.848,42525.758,42718.75,43084.67188
Bitcoin,2024-02-07,2024-02-05,42635.47,44802.688,42871.29,42780.625,44318.22266
Bitcoin,2024-02-08,2024-02-05,42848.24,43495.094,43667.094,42846.367,45301.56641
Bitcoin,2024-02-09,2024-02-05,42918.1,44243.29,43557.945,42804.566,47147.19922
Bitcoin,2024-02-10,2024-02-05,43051.07,42489.33,44685.234,42911.22,47771.27734
Bitcoin,2024-02-11,2024-02-05,43180.586,43722.984,44237.938,42793.92,48293.91797
Bitcoin,2024-02-12,2024-02-05,43321.15,43663.47,44029.67,42731.836,49958.22266
Bitcoin,2024-02-13,2024-02-05,43370.61,43664.38,42513.87,42802.336,49742.44141
Bitcoin,2024-02-14,2024-02-05,43465.39,42379.9,42430.44,42732.53,51826.69531
Bitcoin,2024-02-15,2024-02-05,43512.934,44041.188,43479.43,42633.336,51938.55469
Bitcoin,2024-02-16,2024-02-05,43614.14,42990.816,42589.805,42814.812,52160.20313
Bitcoin,2024-02-17,2024-02-05,43624.242,43567.79,43615.13,42783.25,51662.99609
Bitcoin,2024-02-18,2024-02-05,43572.92,42722.656,43311.64,42776.547,52122.54688
Bitcoin,2024-02-19,2024-02-05,43479.594,43361.297,42870.438,42667.59,51779.14453
Bitcoin,2024-02-20,2024-02-05,43348.996,43901.562,43216.65,42773.6,52284.875
Bitcoin,2024-02-21,2024-02-05,43316.555,45819.15,42885.35,42833.086,51839.17969
Bitcoin,2024-02-22,2024-02-05,43347.11,43050.516,41698.67,42983.652,51304.97266
Bitcoin,2024-02-23,2024-02-05,43482.906,44611.594,43506.562,42734.85,50731.94922
Bitcoin,2024-02-24,2024-02-05,43383.36,42665.72,43028.652,42794.227,51571.10156
Bitcoin,2024-02-25,2024-02-05,43386.203,44140.0,43300.33,42865.977,51733.23828
Bitcoin,2024-02-26,2024-02-05,43267.53,44185.742,43567.92,42922.17,54522.40234
Bitcoin,2024-02-27,2024-02-05,43200.883,43185.227,44567.72,42684.297,57085.37109
Bitcoin,2024-02-28,2024-02-05,43284.914,44312.89,43250.35,42939.07,62504.78906
Bitcoin,2024-02-29,2024-02-05,43265.277,45237.625,42762.24,42928.203,61198.38281
Bitcoin,2024-03-01,2024-02-05,43338.953,44147.96,42626.82,42591.2,62440.63281
Bitcoin,2024-03-02,2024-02-05,43488.3,44878.047,42852.54,42801.902,62029.84766
Bitcoin,2024-03-03,2024-02-05,43821.92,43213.633,44113.176,42773.188,63167.37109
Bitcoin,2024-03-04,2024-02-05,43885.777,43923.016,41737.54,42801.73,68330.41406
Bitcoin,2024-03-05,2024-02-05,44047.94,43778.094,43643.42,42703.4,63801.19922
Bitcoin,2024-03-06,2024-02-05,44139.023,44651.023,42293.453,42479.32,66106.80469
Bitcoin,2024-03-07,2024-03-06,66995.03,60618.66,67242.34,60268.97,66925.48438
Bitcoin,2024-03-08,2024-03-06,66251.25,60820.26,67750.27,60505.945,68300.09375
Bitcoin,2024-03-09,2024-03-06,66553.01,60082.37,66936.6,60578.05,68498.88281
Bitcoin,2024-03-10,2024-03-06,66398.375,60537.73,67275.99,60900.125,69019.78906
Bitcoin,2024-03-11,2024-03-06,66419.414,60442.2,67007.9,63305.83,72123.90625
Bitcoin,2024-03-12,2024-03-06,67326.76,60619.14,67280.64,61234.297,71481.28906
Bitcoin,2024-03-13,2024-03-06,68401.3,62288.867,67201.61,61625.113,73083.5
Bitcoin,2024-03-14,2024-03-06,69554.21,63653.727,68686.7,61976.414,71396.59375
Bitcoin,2024-03-15,2024-03-06,71131.97,62379.207,68451.766,63468.77,69403.77344
Bitcoin,2024-03-16,2024-03-06,72445.47,63839.984,69350.61,64268.473,65315.11719
Bitcoin,2024-03-17,2024-03-06,74079.72,63621.598,69776.0,64076.082,68390.625
Bitcoin,2024-03-18,2024-03-06,74860.68,66414.94,70389.375,64062.04,67548.59375
Bitcoin,2024-03-19,2024-03-06,74866.66,66861.234,70009.86,64712.086,61912.77344
Bitcoin,2024-03-20,2024-03-06,74634.61,66307.32,70422.67,64158.79,67913.67188
Bitcoin,2024-03-21,2024-03-06,73648.2,65585.83,70317.31,64226.94,65491.39063
Bitcoin,2024-03-22,2024-03-06,72254.98,67158.16,70457.33,63734.875,63778.76172
Bitcoin,2024-03-23,2024-03-06,72029.66,65697.266,70883.164,64816.273,64062.20313
Bitcoin,2024-03-24,2024-03-06,71188.31,68088.56,71991.41,64886.598,67234.17188
Bitcoin,2024-03-25,2024-03-06,71552.55,67425.31,71620.85,64811.766,69958.8125
Bitcoin,2024-03-26,2024-03-06,73243.58,70060.16,71067.36,64673.72,69987.83594
Bitcoin,2024-03-27,2024-03-06,74840.86,67824.12,71138.44,67408.125,69455.34375
Bitcoin,2024-03-28,2024-03-06,78114.66,68684.75,71420.06,66055.75,70744.95313
Bitcoin,2024-03-29,2024-03-06,80094.33,70519.05,70843.91,66484.7,69892.82813
Bitcoin,2024-03-30,2024-03-06,81942.56,70509.805,71554.73,66804.66,69645.30469
Bitcoin,2024-03-31,2024-03-06,83385.766,68616.11,72381.266,67971.44,71333.64844
Bitcoin,2024-04-01,2024-03-06,85140.56,70693.39,72072.47,67085.766,69702.14844
Bitcoin,2024-04-02,2024-03-06,85477.56,71756.87,72496.84,66713.99,65446.97266
Bitcoin,2024-04-03,2024-03-06,88645.84,70837.69,73471.32,67783.83,65980.8125
Bitcoin,2024-04-04,2024-03-06,90030.14,70286.06,73606.164,66983.67,68508.84375
Bitcoin,2024-04-05,2024-03-06,91613.81,71565.766,73436.33,68456.51,67837.64063
Bitcoin,2024-04-06,2024-04-05,66380.78,63846.46,63614.035,77281.16,68896.10938
Bitcoin,2024-04-07,2024-04-05,67827.25,64050.85,64418.855,78955.2,69362.55469
Bitcoin,2024-04-08,2024-04-05,68954.09,63478.547,64981.586,80149.17,71631.35938
Bitcoin,2024-04-09,2024-04-05,68841.11,63903.496,65816.414,80760.84,69139.01563
Bitcoin,2024-04-10,2024-04-05,68972.69,63545.66,64633.234,82784.42,70587.88281
Bitcoin,2024-04-11,2024-04-05,69777.16,64715.95,65371.695,83102.19,70060.60938
Bitcoin,2024-04-12,2024-04-05,71212.18,65184.406,66542.625,85301.5,67195.86719
Bitcoin,2024-04-13,2024-04-05,71914.39,62934.96,65262.566,86488.25,63821.47266
Bitcoin,2024-04-14,2024-04-05,71489.42,63819.145,64287.633,88542.0,65738.72656
Bitcoin,2024-04-15,2024-04-05,71330.055,65255.72,66506.234,88857.484,63426.21094
Bitcoin,2024-04-16,2024-04-05,72790.234,64639.785,63539.594,89276.25,63811.86328
Bitcoin,2024-04-17,2024-04-05,71881.516,65247.695,63677.96,90757.5,61276.69141
Bitcoin,2024-04-18,2024-04-05,71248.67,64157.375,63703.188,92312.3,63512.75391
Bitcoin,2024-04-19,2024-04-05,71739.16,63778.945,63722.227,92447.95,63843.57031
Bitcoin,2024-04-20,2024-04-05,72525.516,65545.95,65280.605,96202.89,64994.44141
Bitcoin,2024-04-21,2024-04-05,72620.81,64699.152,67103.29,96557.125,64926.64453
Bitcoin,2024-04-22,2024-04-05,74126.96,68134.23,67066.15,95519.06,66837.67969
Bitcoin,2024-04-23,2024-04-05,75810.34,65592.28,66867.36,97206.41,66407.27344
Bitcoin,2024-04-24,2024-04-05,73783.16,65917.17,66937.695,100230.734,64276.89844
Bitcoin,2024-04-25,2024-04-05,73769.85,66243.44,66321.38,95903.56,64481.70703
Bitcoin,2024-04-26,2024-04-05,72810.36,67093.97,65925.89,98233.59,63755.32031
Bitcoin,2024-04-27,2024-04-05,73144.83,67968.59,66916.24,101006.875,63419.14063
Bitcoin,2024-04-28,2024-04-05,75498.61,67360.03,67848.33,103942.22,63113.23047
Bitcoin,2024-04-29,2024-04-05,75772.516,66706.67,67348.46,100890.17,63841.12109
Bitcoin,2024-04-30,2024-04-05,75329.21,68130.42,67637.86,104072.06,60636.85547
Bitcoin,2024-05-01,2024-04-05,75340.9,66372.11,68276.71,102904.2,58254.01172
Bitcoin,2024-05-02,2024-04-05,75539.92,71628.625,68721.87,103622.3,59123.43359
Bitcoin,2024-05-03,2024-04-05,75508.5,68920.984,66828.57,105705.84,62889.83594
Bitcoin,2024-05-04,2024-04-05,76201.91,68547.41,67106.05,105438.39,63891.47266
Bitcoin,2024-05-05,2024-04-05,77681.78,68542.13,69197.086,107452.08,64031.13281
Bitcoin,2024-05-06,2024-05-05,64546.312,57245.977,63043.062,66490.39,63161.94922
Bitcoin,2024-05-07,2024-05-05,65624.984,55213.15,63144.21,67089.016,62334.81641
Bitcoin,2024-05-08,2024-05-05,65475.86,58106.188,64134.92,66264.19,61187.94141
Bitcoin,2024-05-09,2024-05-05,65297.9,56589.227,63790.5,66443.76,63049.96094
Bitcoin,2024-05-10,2024-05-05,63253.695,56229.07,64522.32,66506.56,60792.77734
Bitcoin,2024-05-11,2024-05-05,64093.625,57329.773,64268.61,66330.06,60793.71094
Bitcoin,2024-05-12,2024-05-05,65319.97,62587.703,64312.594,66360.22,61448.39453
Bitcoin,2024-05-13,2024-05-05,64304.305,57191.64,64943.836,65913.555,62901.44922
Bitcoin,2024-05-14,2024-05-05,63414.625,60911.6,65361.93,65378.617,61552.78906
Bitcoin,2024-05-15,2024-05-05,64434.656,59342.04,64975.383,66013.62,66267.49219
Bitcoin,2024-05-16,2024-05-05,64736.86,59022.086,65736.33,66959.79,65231.58203
Bitcoin,2024-05-17,2024-05-05,64770.28,63233.523,65696.55,66531.71,67051.875
Bitcoin,2024-05-18,2024-05-05,65150.516,61653.812,65558.44,66287.79,66940.80469
Bitcoin,2024-05-19,2024-05-05,64861.4,65165.062,65861.86,66078.63,66278.36719
Bitcoin,2024-05-20,2024-05-05,66782.38,63993.656,66098.06,66416.195,71448.19531
Bitcoin,2024-05-21,2024-05-05,65354.516,63256.08,66387.44,66409.01,70136.53125
Bitcoin,2024-05-22,2024-05-05,66144.89,64962.734,66503.42,67173.95,69122.33594
Bitcoin,2024-05-23,2024-05-05,67586.6,64993.016,66959.21,65979.34,67929.5625
Bitcoin,2024-05-24,2024-05-05,66743.02,66647.98,67278.51,66277.64,68526.10156
Bitcoin,2024-05-25,2024-05-05,67750.88,66936.47,66990.59,66892.03,69265.94531
Bitcoin,2024-05-26,2024-05-05,70081.695,65136.79,67053.93,66103.914,68518.09375
Bitcoin,2024-05-27,2024-05-05,66950.52,69006.266,67160.06,65761.45,69394.55469
Bitcoin,2024-05-28,2024-05-05,70433.88,72730.19,67714.18,66328.6,68296.21875
Bitcoin,2024-05-29,2024-05-05,68659.39,70714.09,68264.11,66641.31,67578.09375
Bitcoin,2024-05-30,2024-05-05,68629.3,72299.04,67952.99,65826.914,68364.99219
Bitcoin,2024-05-31,2024-05-05,70427.86,71732.26,68337.15,66233.6,67491.41406
Bitcoin,2024-06-01,2024-05-05,69678.086,73015.67,68628.07,66814.03,67706.9375
Bitcoin,2024-06-02,2024-05-05,71572.3,68164.125,68812.56,66426.35,67751.60156
Bitcoin,2024-06-03,2024-05-05,70514.9,68739.06,68878.55,66302.5,68804.78125
Bitcoin,2024-06-04,2024-05-05,70082.68,73515.78,68649.9,66433.83,70567.76563
Bitcoin,2024-06-05,2024-06-04,69838.22,67167.766,70021.49,66363.23,71082.82031
Bitcoin,2024-06-06,2024-06-04,70196.8,67153.78,69690.41,67139.484,70757.16406
Bitcoin,2024-06-07,2024-06-04,70392.05,67616.19,69673.97,68127.47,69342.58594
Bitcoin,2024-06-08,2024-06-04,70009.59,65719.14,68923.97,67968.48,69305.77344
Bitcoin,2024-06-09,2024-06-04,69961.984,68796.36,68528.03,67787.41,69647.99219
Bitcoin,2024-06-10,2024-06-04,69959.41,66422.04,68771.05,68216.0,69512.28125
Bitcoin,2024-06-11,2024-06-04,69394.39,67005.69,68895.52,67521.92,67332.03125
Bitcoin,2024-06-12,2024-06-04,69952.234,68462.64,69402.3,68232.47,68241.1875
Bitcoin,2024-06-13,2024-06-04,69784.0,68481.61,69616.11,67325.9,66756.39844
Bitcoin,2024-06-14,2024-06-04,69918.97,67865.47,69740.484,68391.44,66011.09375
Bitcoin,2024-06-15,2024-06-04,69798.34,70588.5,70045.22,67610.66,66191.0
Bitcoin,2024-06-16,2024-06-04,69636.69,69543.72,71454.97,68660.16,66639.04688
Bitcoin,2024-06-17,2024-06-04,69534.45,67121.09,71437.11,68016.625,66490.29688
Bitcoin,2024-06-18,2024-06-04,70400.77,67826.78,71293.984,68015.21,65140.74609
Bitcoin,2024-06-19,2024-06-04,69755.75,67348.62,71587.1,68239.78,64960.29688
Bitcoin,2024-06-20,2024-06-04,69664.72,68725.016,71207.516,67853.266,64828.65625
Bitcoin,2024-06-21,2024-06-04,69570.22,69035.79,71810.57,67227.5,64096.19922
Bitcoin,2024-06-22,2024-06-04,70101.0,65955.58,71926.67,67956.79,64252.57813
Bitcoin,2024-06-23,2024-06-04,70458.695,68885.96,71061.84,67912.47,63180.79688
Bitcoin,2024-06-24,2024-06-04,69968.234,67511.586,71281.55,69167.78,60277.41406
Bitcoin,2024-06-25,2024-06-04,70287.984,70089.016,71150.2,67789.55,61804.64063
Bitcoin,2024-06-26,2024-06-04,70009.13,66943.66,70693.34,67888.73,60811.27734
Bitcoin,2024-06-27,2024-06-04,70802.89,67490.36,70453.11,67943.69,61604.80078
Bitcoin,2024-06-28,2024-06-04,70603.64,67983.09,70484.17,66483.31,60320.13672
Bitcoin,2024-06-29,2024-06-04,70623.375,68284.984,71548.22,68656.55,60887.37891
Bitcoin,2024-06-30,2024-06-04,70804.734,67893.484,71152.31,68600.3,62678.29297
Bitcoin,2024-07-01,2024-06-04,70481.3,68452.9,70457.8,68249.92,62851.98047
Bitcoin,2024-07-02,2024-06-04,70456.06,69845.5,69925.67,68153.31,62029.01563
Bitcoin,2024-07-03,2024-06-04,70645.14,69841.836,70141.29,67429.84,60173.92188
Bitcoin,2024-07-04,2024-06-04,70331.01,66709.66,70615.59,68591.08,56977.70313
Bitcoin,2024-07-05,2024-07-04,55984.168,65811.44,57545.01,60314.598,56662.375
Bitcoin,2024-07-06,2024-07-04,56085.5,62920.28,57434.74,60140.812,58303.53906
Bitcoin,2024-07-07,2024-07-04,57113.832,64296.094,56886.26,60049.14,55849.10938
Bitcoin,2024-07-08,2024-07-04,57374.13,67177.805,57349.027,59547.43,56705.09766
Bitcoin,2024-07-09,2024-07-04,57360.414,66522.914,56840.72,59469.004,58009.22656
Bitcoin,2024-07-10,2024-07-04,57156.516,65173.17,57197.65,59587.21,57742.49609
Bitcoin,2024-07-11,2024-07-04,57241.84,66749.23,56676.305,59411.11,57344.91406
Bitcoin,2024-07-12,2024-07-04,56915.977,65325.37,56837.254,59501.453,57899.46484
Bitcoin,2024-07-13,2024-07-04,56994.684,65418.234,56838.906,59376.234,59231.95313
Bitcoin,2024-07-14,2024-07-04,55897.117,64390.027,56565.293,59348.156,60787.79297
Bitcoin,2024-07-15,2024-07-04,56741.527,67953.83,56798.125,59284.184,64870.15234
Bitcoin,2024-07-16,2024-07-04,55166.91,67283.3,56604.734,59307.137,65097.14844
Bitcoin,2024-07-17,2024-07-04,55222.285,62764.035,56338.88,58942.21,64118.79297
Bitcoin,2024-07-18,2024-07-04,54320.566,66830.19,56128.848,58745.785,63974.06641
Bitcoin,2024-07-19,2024-07-04,53716.67,65321.27,55945.953,58695.086,66710.15625
Bitcoin,2024-07-20,2024-07-04,53056.688,66770.09,55850.066,58446.367,67163.64844
Bitcoin,2024-07-21,2024-07-04,53174.617,63214.39,55951.984,58795.977,68154.52344
Bitcoin,2024-07-22,2024-07-04,56117.324,65490.88,55817.543,58938.41,67585.25
Bitcoin,2024-07-23,2024-07-04,55568.066,66095.945,56456.332,59682.55,65927.67188
Bitcoin,2024-07-24,2024-07-04,54445.625,66643.3,56129.87,59402.273,65372.13281
Bitcoin,2024-07-25,2024-07-04,55260.773,64187.742,55678.11,58134.836,65777.22656
Bitcoin,2024-07-26,2024-07-04,55153.816,66912.9,56121.016,58894.477,67912.0625
Bitcoin,2024-07-27,2024-07-04,55111.11,67697.836,56442.445,58745.35,67813.33594
Bitcoin,2024-07-28,2024-07-04,55083.156,67633.64,56147.668,59326.406,68255.86719
Bitcoin,2024-07-29,2024-07-04,57067.746,69098.92,56351.51,58757.31,66819.91406
Bitcoin,2024-07-30,2024-07-04,57641.355,69017.914,56484.824,58192.316,66201.01563
Bitcoin,2024-07-31,2024-07-04,58334.117,64740.477,56362.383,58161.035,64619.25
Bitcoin,2024-08-01,2024-07-04,58310.36,66652.27,56391.574,58548.24,65357.5
Bitcoin,2024-08-02,2024-07-04,58214.77,63910.727,56142.426,58558.684,61415.06641
Bitcoin,2024-08-03,2024-07-04,58593.34,64979.848,56139.57,58528.137,60680.09375
Bitcoin,2024-08-04,2024-08-03,60693.133,64194.008,61828.336,64409.117,58116.97656
Bitcoin,2024-08-05,2024-08-03,62301.47,62525.11,62294.305,64258.387,53991.45703
Bitcoin,2024-08-06,2024-08-03,61906.1,63000.367,63138.418,64323.86,56034.31641
Bitcoin,2024-08-07,2024-08-03,62659.312,63139.695,64221.734,64175.7,55027.46094
Bitcoin,2024-08-08,2024-08-03,62700.805,63145.105,61847.066,64076.855,61710.13672
Bitcoin,2024-08-09,2024-08-03,63442.63,61998.344,62654.973,64410.41,60880.11328
Bitcoin,2024-08-10,2024-08-03,63011.332,62525.242,63574.387,64342.914,60945.8125
Bitcoin,2024-08-11,2024-08-03,63503.336,62145.28,64040.02,64419.465,58719.48438
Bitcoin,2024-08-12,2024-08-03,63070.81,62960.688,65696.95,64270.805,59354.51563
Bitcoin,2024-08-13,2024-08-03,64556.113,63974.34,63622.863,64234.855,60609.56641
Bitcoin,2024-08-14,2024-08-03,62977.95,62389.617,63567.88,64406.67,58737.26953
Bitcoin,2024-08-15,2024-08-03,64473.99,64664.137,62613.01,64158.78,57560.09766
Bitcoin,2024-08-16,2024-08-03,63780.03,64324.195,64660.17,64318.64,58894.10547
Bitcoin,2024-08-17,2024-08-03,64446.266,65309.875,62457.85,64209.652,59478.97266
Bitcoin,2024-08-18,2024-08-03,64788.6,63500.29,64133.867,64246.176,58483.96484
Bitcoin,2024-08-19,2024-08-03,64120.266,65551.45,65079.273,64151.742,59493.45313
Bitcoin,2024-08-20,2024-08-03,64191.22,63954.56,63899.793,64053.504,59012.79297
Bitcoin,2024-08-21,2024-08-03,64553.11,63950.117,66684.09,64526.086,61175.19141
Bitcoin,2024-08-22,2024-08-03,64204.598,64371.508,64688.93,64258.008,60381.91406
Bitcoin,2024-08-23,2024-08-03,64050.223,63586.734,63026.61,64216.13,64094.35547
Bitcoin,2024-08-24,2024-08-03,64777.8,63136.95,62845.16,64350.137,64178.99219
Bitcoin,2024-08-25,2024-08-03,65204.46,63053.5,64660.473,64269.805,64333.54297
Bitcoin,2024-08-26,2024-08-03,65229.504,63934.11,62535.797,64106.777,62880.66016
Bitcoin,2024-08-27,2024-08-03,64990.17,62294.812,63989.34,64134.883,59504.13281
Bitcoin,2024-08-28,2024-08-03,65237.75,62629.668,63994.402,64385.867,59027.625
Bitcoin,2024-08-29,2024-08-03,64584.883,64792.84,64188.793,64461.44,59388.17969
Bitcoin,2024-08-30,2024-08-03,66042.68,63952.59,64511.76,64128.31,59119.47656
Bitcoin,2024-08-31,2024-08-03,64789.83,64694.797,62959.824,64407.18,58969.89844
Bitcoin,2024-09-01,2024-08-03,65039.504,64608.758,61703.418,64448.887,57325.48828
Bitcoin,2024-09-02,2024-08-03,65209.812,63899.957,63730.62,64443.99,59112.48047
Bitcoin,2024-09-03,2024-09-02,58948.9,57942.56,56475.336,62459.336,57431.02344
Bitcoin,2024-09-04,2024-09-02,57864.004,57505.87,56787.81,62769.027,57971.53906
Bitcoin,2024-09-05,2024-09-02,55662.56,57164.844,56231.223,64325.43,56160.48828
Bitcoin,2024-09-06,2024-09-02,54850.535,57458.58,56887.555,63236.652,53948.75391
Bitcoin,2024-09-07,2024-09-02,54343.32,58240.703,55473.426,62851.348,54139.6875
Bitcoin,2024-09-08,2024-09-02,53395.625,58084.098,55712.805,60515.63,54841.56641
Bitcoin,2024-09-09,2024-09-02,51910.93,58475.12,56411.61,63232.12,57019.53516
Bitcoin,2024-09-10,2024-09-02,50073.395,57792.84,55561.34,63118.543,57648.71094
Bitcoin,2024-09-11,2024-09-02,49565.44,57669.94,55444.8,62129.23,57343.17188
Bitcoin,2024-09-12,2024-09-02,50148.168,57728.617,54824.953,62272.17,58127.01172
Bitcoin,2024-09-13,2024-09-02,49408.56,57255.715,54219.812,61095.203,60571.30078
Bitcoin,2024-09-14,2024-09-02,48216.297,57074.04,55463.0,63009.277,60005.12109
Bitcoin,2024-09-15,2024-09-02,49005.086,58073.83,53653.477,62803.24,59182.83594
Bitcoin,2024-09-16,2024-09-02,47998.203,57011.332,54708.383,63995.902,58192.50781
Bitcoin,2024-09-17,2024-09-02,48595.99,58090.367,55186.688,62667.574,60308.53906
Bitcoin,2024-09-18,2024-09-02,48226.406,58524.258,56606.6,62742.406,61649.67969
Bitcoin,2024-09-19,2024-09-02,47184.027,57147.395,56661.387,62013.633,62940.45703
Bitcoin,2024-09-20,2024-09-02,48089.88,57726.867,55231.72,61730.613,63192.97656
Bitcoin,2024-09-21,2024-09-02,48462.2,57617.594,55973.23,62316.15,63394.83984
Bitcoin,2024-09-22,2024-09-02,47454.883,57560.344,55562.426,60848.785,63648.71094
Bitcoin,2024-09-23,2024-09-02,47324.676,57192.145,54443.957,62058.152,63329.80078
Bitcoin,2024-09-24,2024-09-02,46892.695,56671.273,55477.895,61352.85,64301.96875
Bitcoin,2024-09-25,2024-09-02,48801.832,56953.844,55996.19,60698.08,63143.14453
Bitcoin,2024-09-26,2024-09-02,47872.168,57553.254,56240.4,61230.332,65181.01953
Bitcoin,2024-09-27,2024-09-02,47537.684,56489.023,55600.867,63942.824,65790.66406
Bitcoin,2024-09-28,2024-09-02,47676.035,55900.984,55408.27,61181.625,65887.64844
Bitcoin,2024-09-29,2024-09-02,47803.145,56509.555,54304.7,62287.785,65635.30469
Bitcoin,2024-09-30,2024-09-02,48235.484,56254.664,55180.05,61372.254,63329.5
Bitcoin,2024-10-01,2024-09-02,47172.562,56147.01,55288.977,61334.312,60837.00781
Bitcoin,2024-10-02,2024-09-02,47694.0,57061.77,56458.484,62950.066,60632.78516
Bitcoin,2024-10-03,2024-10-02,60320.492,60555.797,60072.508,58961.94,60759.40234
Bitcoin,2024-10-04,2024-10-02,60039.996,60394.44,60021.117,59215.633,62067.47656
Bitcoin,2024-10-05,2024-10-02,60337.168,60365.01,61075.72,59210.01,62089.94922
Bitcoin,2024-10-06,2024-10-02,60842.125,60585.332,60068.98,59440.984,62818.95313
Bitcoin,2024-10-07,2024-10-02,60554.223,60888.395,60172.805,59168.27,62236.66016
Bitcoin,2024-10-08,2024-10-02,60511.715,60559.09,60137.086,59018.08,62131.96875
Bitcoin,2024-10-09,2024-10-02,61024.707,60351.438,60775.465,59275.316,60582.10156
Bitcoin,2024-10-10,2024-10-02,60508.035,61505.88,60410.777,59688.445,60274.5
Bitcoin,2024-10-11,2024-10-02,61508.67,60858.33,60513.37,59626.883,62445.08984
Bitcoin,2024-10-12,2024-10-02,60967.035,61106.496,60609.83,59330.68,63193.02344
Bitcoin,2024-10-13,2024-10-02,61006.016,61856.75,60139.47,59299.594,62851.375
Bitcoin,2024-10-14,2024-10-02,61681.875,61541.188,60552.207,59367.215,66046.125
Bitcoin,2024-10-15,2024-10-02,61343.727,62078.973,60446.246,59529.164,67041.10938
Bitcoin,2024-10-16,2024-10-02,62087.367,62658.902,60487.066,59143.207,67612.71875
Bitcoin,2024-10-17,2024-10-02,62128.39,62381.1,60246.75,58996.934,67399.83594
Bitcoin,2024-10-18,2024-10-02,62402.707,62809.406,60822.14,59450.89,68418.78906
Bitcoin,2024-10-19,2024-10-02,62612.094,62221.75,61392.12,59920.48,68362.73438
Bitcoin,2024-10-20,2024-10-02,62566.27,62953.695,60983.418,59402.117,69001.70313
Bitcoin,2024-10-21,2024-10-02,62435.105,63503.023,61187.707,59472.08,67367.85156
Bitcoin,2024-10-22,2024-10-02,62414.387,62992.707,61852.52,59330.004,67361.40625
Bitcoin,2024-10-23,2024-10-02,63129.16,63428.863,61923.477,59296.562,66432.19531
Bitcoin,2024-10-24,2024-10-02,62676.258,63141.7,61178.336,58935.164,68161.05469
Bitcoin,2024-10-25,2024-10-02,62899.715,63537.234,61488.383,59709.195,66642.41406
Bitcoin,2024-10-26,2024-10-02,62681.44,63252.004,61126.88,59543.42,67014.69531
Bitcoin,2024-10-27,2024-10-02,63071.727,64098.453,60807.523,58713.305,67929.29688
Bitcoin,2024-10-28,2024-10-02,63645.46,64220.758,61126.42,59416.523,69907.75781
Bitcoin,2024-10-29,2024-10-02,63117.395,63696.45,61143.457,59351.438,72720.49219
Bitcoin,2024-10-30,2024-10-02,63163.883,65218.816,61454.863,58943.086,72339.53906
Bitcoin,2024-10-31,2024-10-02,63118.14,63965.633,61474.76,59277.26,70215.1875
Bitcoin,2024-11-01,2024-10-02,62794.87,64219.824,61276.707,58786.613,69482.46875
Bitcoin,2024-11-02,2024-11-01,67513.016,67923.84,66902.67,72362.8,69289.27344
Bitcoin,2024-11-03,2024-11-01,67310.19,68296.664,66995.234,73168.984,68741.11719
Bitcoin,2024-11-04,2024-11-01,67413.7,69795.43,67163.65,73079.89,67811.50781
Bitcoin,2024-11-05,2024-11-01,67986.91,70224.27,67025.555,73401.05,69359.5625
Bitcoin,2024-11-06,2024-11-01,67489.06,69840.875,67034.78,73500.33,75639.07813
Bitcoin,2024-11-07,2024-11-01,67723.91,71194.36,66785.02,74027.94,75904.85938
Bitcoin,2024-11-08,2024-11-01,67093.31,70281.09,66684.83,74137.45,76545.47656
Bitcoin,2024-11-09,2024-11-01,67153.04,71908.61,66472.72,74822.72,76778.86719
Bitcoin,2024-11-10,2024-11-01,67294.266,71453.56,66066.58,74629.41,80474.1875
Bitcoin,2024-11-11,2024-11-01,66912.58,72989.25,66362.15,75077.234,88701.48438
Bitcoin,2024-11-12,2024-11-01,67098.81,72153.25,65999.25,75175.305,87955.8125
Bitcoin,2024-11-13,2024-11-01,67228.89,72891.51,66235.95,75392.33,90584.16406
Bitcoin,2024-11-14,2024-11-01,67211.42,72425.45,66029.83,74954.33,87250.42969
Bitcoin,2024-11-15,2024-11-01,66996.53,70674.625,66275.11,75515.3,91066.00781
Bitcoin,2024-11-16,2024-11-01,67408.086,73964.83,65889.56,76337.016,90558.47656
Bitcoin,2024-11-17,2024-11-01,67087.36,73734.47,66294.14,75254.45,89845.85156
Bitcoin,2024-11-18,2024-11-01,66938.8,72489.34,66346.7,77059.0,90542.64063
Bitcoin,2024-11-19,2024-11-01,67390.805,74009.984,66457.016,76585.89,92343.78906
Bitcoin,2024-11-20,2024-11-01,67353.44,72860.49,66215.89,77187.97,94339.49219
Bitcoin,2024-11-21,2024-11-01,66448.375,71014.125,66557.31,77076.03,98504.72656
Bitcoin,2024-11-22,2024-11-01,66705.164,71558.24,66620.22,76614.09,98997.66406
Bitcoin,2024-11-23,2024-11-01,67208.81,74691.54,66925.89,76251.11,97777.28125
Bitcoin,2024-11-24,2024-11-01,66347.125,72133.84,67087.78,77497.96,98013.82031
Bitcoin,2024-11-25,2024-11-01,66478.32,74446.95,67114.55,76602.195,93102.29688
Bitcoin,2024-11-26,2024-11-01,67043.98,75014.92,67641.61,77304.2,91985.32031
Bitcoin,2024-11-27,2024-11-01,66878.3,74481.72,67333.45,78459.74,95962.53125
Bitcoin,2024-11-28,2024-11-01,67143.984,74819.81,67620.625,77950.33,95652.46875
Bitcoin,2024-11-29,2024-11-01,65841.46,71946.516,67787.58,77330.41,97461.52344
Bitcoin,2024-11-30,2024-11-01,66676.42,69103.5,68077.234,77558.67,96449.05469
Bitcoin,2024-12-01,2024-11-01,66084.45,73441.31,68293.1,77867.7,97279.78906
