unique_id,ds,cutoff,y,AutoARIMA,AutoARIMA-lo-95,AutoARIMA-hi-95,AutoETS,AutoETS-lo-95,AutoETS-hi-95,AutoTheta,AutoTheta-lo-95,AutoTheta-hi-95
Bitcoin,2023-10-25,2023-10-24,34502.82031,34416.99548233203,31277.121789509656,37556.8691751544,33901.445779780544,32191.54398227062,35611.347577290464,33830.264740465966,32045.971550101032,35614.5579308309
Bitcoin,2023-10-26,2023-10-24,34156.64844,34186.11502496562,31036.127690639885,37336.10235929136,33901.445779780544,32087.936411846735,35714.955147714354,33838.627966453925,32062.217237769706,35615.03869513814
Bitcoin,2023-10-27,2023-10-24,33909.80078,33731.254612343095,30438.546893061764,37023.962331624425,33901.445779780544,31212.462823244285,36590.428736316804,33826.82982659377,31139.765733919154,36513.89391926838
Bitcoin,2023-10-28,2023-10-24,34089.57422,33752.903268821436,30256.485629840394,37249.32090780248,33901.445779780544,31454.15831170947,36348.73324785162,33809.59596793587,31415.808048830142,36203.3838870416
Bitcoin,2023-10-29,2023-10-24,34538.48047,33905.363551207265,30340.460394132413,37470.26670828211,33901.445779780544,30912.86156781259,36890.029991748495,33897.44557909173,30873.193326488246,36921.69783169521
Bitcoin,2023-10-30,2023-10-24,34502.36328,33628.32636955443,30781.45763222688,36475.195106881976,33901.445779780544,30879.603448994287,36923.288110566806,33808.54890333011,30813.130259815527,36803.9675468447
Bitcoin,2023-10-31,2023-10-24,34667.78125,33558.64754804602,30321.121898128542,36796.1731979635,33901.445779780544,30755.45351531259,37047.43804424849,33912.26647356057,30745.63012412572,37078.90282299543
Bitcoin,2023-11-01,2023-10-24,35437.25391,33835.57361761392,30661.013187345765,37010.13404788207,33901.445779780544,31335.594808244285,36467.296751316804,33848.66292007463,31248.2392081778,36449.08663197146
Bitcoin,2023-11-02,2023-10-24,34938.24219,33044.856081918835,29774.961574637233,36314.75058920044,33901.445779780544,30878.94848906259,36923.9430704985,33857.26339411328,30818.638919818844,36895.88786840771
Bitcoin,2023-11-03,2023-10-24,34732.32422,32650.63687559906,29055.37636603418,36245.89738516394,33901.445779780544,30926.92963714137,36875.961922419716,33845.68852858736,30880.991883516035,36810.38517365867
Bitcoin,2023-11-04,2023-10-24,35082.19531,32446.689385092788,28728.466091448157,36164.91267873742,33901.445779780544,31142.427572994286,36660.46398656681,33828.671903548675,31032.508676482525,36624.83513061482
Bitcoin,2023-11-05,2023-10-24,35049.35547,32345.858726040344,28129.120711458236,36562.59674062245,33901.445779780544,30816.576855812593,36986.314703748496,33916.79572369338,30711.69981353073,37121.89163385603
Bitcoin,2023-11-06,2023-10-24,35037.37109,32257.309200921336,28634.409202724204,35880.209199118464,33901.445779780544,30771.45033890693,37031.44122065415,33828.0696061602,30730.02440509412,36926.11480722627
Bitcoin,2023-11-07,2023-10-24,35443.5625,32194.84683686374,27410.482484876753,36979.21118885073,33901.445779780544,30845.19147750288,36957.700082058196,33932.066318687044,30803.064486588297,37061.06815078578
Bitcoin,2023-11-08,2023-11-07,35655.27734,35470.49543302276,32541.665736389597,38399.325129655925,35443.52188097888,33733.88757669624,37153.15618526152,35379.51019784788,33584.25222888086,37174.768166814894
Bitcoin,2023-11-09,2023-11-07,36693.125,35917.04541475816,32956.41774378419,38877.67308573213,35443.52188097888,33630.01251304507,37257.03124891268,35370.840347133075,33608.340614765046,37133.340079501104
Bitcoin,2023-11-10,2023-11-07,37313.96875,36229.837430513435,33096.71157438386,39362.96328664301,35443.52188097888,32754.53892444262,38132.50483751513,35356.5689291843,32645.943300943418,38067.19455742518
Bitcoin,2023-11-11,2023-11-07,37138.05078,35833.15107894404,32581.89249309856,39084.40966478953,35443.52188097888,33006.6666487719,37880.37711318586,35352.193891804905,32947.17607403397,37757.211709575844
Bitcoin,2023-11-12,2023-11-07,37054.51953,35605.73888040992,32994.11002144159,38217.367739378235,35443.52188097888,32454.937669010924,38432.10609294683,35423.20963502185,32420.941710490628,38425.47755955307
Bitcoin,2023-11-13,2023-11-07,36502.35547,34868.50385809537,32112.74387185855,37624.26384433219,35443.52188097888,32421.67955019262,38465.36421176514,35398.987505702746,32401.087031199222,38396.887980206266
Bitcoin,2023-11-14,2023-11-07,35537.64063,33358.110070634226,30196.552663087656,36519.667478180796,35443.52188097888,32297.529616510925,38589.51414544683,35496.89796359953,32345.545886703105,38648.25004049594
Bitcoin,2023-11-15,2023-11-07,37880.58203,34452.831497135136,31226.435901248387,37679.22709302189,35443.52188097888,32877.67090944262,38009.37285251514,35435.828872399645,32781.175648867924,38090.482095931366
Bitcoin,2023-11-16,2023-11-07,36154.76953,32970.10245923826,29664.609941581326,36275.59497689519,35443.52188097888,32421.024590260924,38466.01917169683,35427.13241945753,32417.117262461346,38437.14757645372
Bitcoin,2023-11-17,2023-11-07,36596.68359,33007.13475094539,29711.372343990297,36302.89715790049,35443.52188097888,32479.311034684477,38407.73272727329,35412.82549860528,32426.106368866604,38399.54462834395
Bitcoin,2023-11-18,2023-11-07,36585.70313,32918.732951486294,29808.01852095146,36029.44738202112,35443.52188097888,32684.50367419262,38202.540087765134,35408.43071721638,32545.945256820047,38270.91617761272
Bitcoin,2023-11-19,2023-11-07,37386.54688,33189.642021828186,28851.507110996317,37527.776932660054,35443.52188097888,32358.652957010927,38528.39080494683,35479.54662672076,32378.581346182193,38580.51190725932
Bitcoin,2023-11-20,2023-11-07,37476.95703,33246.902010353566,29773.965498254925,36719.838522452206,35443.52188097888,32313.526440105263,38573.51732185249,35455.273186494196,32371.405507209514,38539.14086577888
Bitcoin,2023-11-21,2023-11-07,35813.8125,31917.404205669456,27516.26297094335,36318.54544039556,35443.52188097888,32387.992635429022,38499.05112652873,35553.326507954174,32410.47090489649,38696.182111011854
Bitcoin,2023-11-22,2023-11-21,37432.33984,36611.113650391846,33978.534202174655,39243.69309860904,35813.9788135481,34104.344509265466,37523.61311783073,35816.02859868133,34045.628370227605,37586.42882713506
Bitcoin,2023-11-23,2023-11-21,37289.62109,36495.84736409943,33564.17551552401,39427.519212674844,35813.9788135481,34000.46944561428,37627.48818148191,35777.54290328109,34001.315635261446,37553.77017130074
Bitcoin,2023-11-24,2023-11-21,37720.28125,36603.35923685746,33897.96545923205,39308.75301448287,35813.9788135481,33124.99585701184,38502.96177008436,35774.910198897145,33099.09898231771,38450.72141547658
Bitcoin,2023-11-25,2023-11-21,37796.79297,36635.094377947345,33584.84971202177,39685.33904387292,35813.9788135481,33377.123581341126,38250.83404575507,35740.21648225997,33314.48276837951,38165.95019614044
Bitcoin,2023-11-26,2023-11-21,37479.12109,36241.221220847074,33709.750192254534,38772.69224943961,35813.9788135481,32825.39460158015,38802.56302551605,35769.54060161144,32788.95682570132,38750.12437752156
Bitcoin,2023-11-27,2023-11-21,37254.16797,36020.76701847772,33427.90973225331,38613.624304702134,35813.9788135481,32792.13648276184,38835.82114433436,35769.66612302301,32764.565834226672,38774.76641181934
Bitcoin,2023-11-28,2023-11-21,37831.08594,36228.488798503546,33436.378110990074,39020.59948601701,35813.9788135481,32667.986549080146,38959.971078016046,35831.07755556286,32679.889616021,38982.26549510471
Bitcoin,2023-11-29,2023-11-21,37858.49219,36217.11862778015,32870.086247486535,39564.15100807377,35813.9788135481,33248.12784201184,38379.82978508436,35816.02859868133,33193.62147891048,38438.43571845219
Bitcoin,2023-11-30,2023-11-21,37712.74609,36133.31528876205,32954.25271181624,39312.37786570786,35813.9788135481,32791.481522830145,38836.476104266054,35777.54290328109,32753.013255043472,38802.072551518715
Bitcoin,2023-12-01,2023-11-21,38688.75,36659.87840550476,33139.184881339475,40180.57192967004,35813.9788135481,32849.7679672537,38778.1896598425,35774.910198897145,32748.005844760108,38801.814553034186
Bitcoin,2023-12-02,2023-11-21,39476.33203,37346.84956920061,33753.8642093081,40939.83492909312,35813.9788135481,33054.96060676184,38572.99702033436,35740.21648225997,32890.41899448503,38590.01397003491
Bitcoin,2023-12-03,2023-11-21,39978.39063,37602.3202097981,33368.29640990284,41836.344009693355,35813.9788135481,32729.109889580148,38898.84773751605,35769.54060161144,32690.266979224114,38848.814223998765
Bitcoin,2023-12-04,2023-11-21,41980.09766,38733.843353142605,34610.409009743154,42857.277696542056,35813.9788135481,32683.983372674484,38943.97425442171,35769.66612302301,32669.502426643812,38869.8298194022
Bitcoin,2023-12-05,2023-11-21,44080.64844,39987.105430133844,35810.98090342662,44163.22995684107,35813.9788135481,32758.44956799824,38869.508059097956,35831.07755556286,32727.25156315006,38934.90354797565
Bitcoin,2023-12-06,2023-12-05,43746.44531,44133.352679236,41647.611198576444,46619.094159895554,44162.13461343929,42551.45333462671,45772.81589225186,44124.71056591041,42558.5729164253,45690.84821539553
Bitcoin,2023-12-07,2023-12-05,43292.66406,43772.57818428405,41301.96810242779,46243.188266140314,44269.02634348,42455.35881752577,46082.69386943423,44068.55585698421,42241.56798376942,45895.543730199
Bitcoin,2023-12-08,2023-12-05,44166.60156,43930.53402288976,41076.65423472613,46784.4138110534,44366.30341815496,41677.24112562912,47055.365710680795,44119.51464932503,41563.169841033494,46675.859457616556
Bitcoin,2023-12-09,2023-12-05,43725.98438,43271.702874474824,39763.74851302659,46779.657235923056,44454.83065271007,42186.95176932918,46722.70953609096,44080.221248903756,41900.18080398106,46260.261693826455
Bitcoin,2023-12-10,2023-12-05,43779.69922,43256.540414276475,40704.53768153347,45808.54314701948,44535.39507432908,41543.87152081889,47526.918627839266,44125.88301626331,41053.99874969136,47197.76728283526
Bitcoin,2023-12-11,2023-12-05,41243.83203,40855.24171959737,37974.61220019547,43735.871238999265,44608.71291898358,41586.796930534205,47630.62890743296,44061.95906555857,41126.368015391534,46997.55011572561
Bitcoin,2023-12-12,2023-12-05,41450.22266,40544.11281644397,37817.05821797117,43271.167414916774,44675.43599893324,41526.631534747714,47824.24046311876,44130.65112784843,40922.31779167142,47338.984464025445
Bitcoin,2023-12-13,2023-12-05,42890.74219,41093.84890740381,37746.15015884949,44441.54765595813,44736.15749748446,42170.235823137635,47302.07917183129,44195.959885591816,41726.3351529927,46665.58461819093
Bitcoin,2023-12-14,2023-12-05,43023.97266,41102.24837363744,38015.49912253353,44188.99762474135,44791.41724252454,41766.21220304098,47816.6222820081,44140.2902500605,41006.71759454256,47273.86290557843
Bitcoin,2023-12-15,2023-12-05,41929.75781,40161.1094537151,36666.69490108218,43655.52400634802,44841.70650571389,41874.738134152656,47808.67487727512,44191.90073241137,41031.77920863227,47352.02225619047
Bitcoin,2023-12-16,2023-12-05,42240.11719,40219.695315084,36734.81153735471,43704.579092813285,44887.472370002506,41708.15082462727,48066.79391537774,44153.103519535696,40853.405627918575,47452.80141115282
Bitcoin,2023-12-17,2023-12-05,41364.66406,39397.38706888713,35337.752879145206,43457.02125862906,44929.121704298734,41655.56728015668,48202.676128440784,44199.394523156065,40948.69656997502,47450.09247633711
Bitcoin,2023-12-18,2023-12-05,42623.53906,39787.79579860278,36369.14503898978,43206.446558215786,44967.02478062609,39258.256812362,50675.79274889018,44135.90961601979,38458.13734454942,49813.68188749016
Bitcoin,2023-12-19,2023-12-05,42270.52734,39503.983357694495,35471.00073803964,43536.96597734935,45001.51856592549,38445.29048387164,51557.746647979344,44205.256029958575,37756.61074995544,50653.9013099617
Bitcoin,2023-12-20,2023-12-19,43652.25,43051.3256202765,40428.07414759274,45674.57709296025,42270.56262858413,40650.161721517376,43890.96353565088,42355.44752089343,40796.54906296738,43914.34597881948
Bitcoin,2023-12-21,2023-12-19,43869.15234,43208.22807209773,40654.96894190739,45761.487202288066,42270.56262858413,40457.05326065032,44084.07199651793,42318.47784003727,40490.252325641035,44146.7033544335
Bitcoin,2023-12-22,2023-12-19,43997.90234,43233.55955846815,40298.64207542053,46168.47704151577,42270.56262858413,39581.57967204787,44959.54558512038,42370.493500719924,39798.38960059092,44942.59740084893
Bitcoin,2023-12-23,2023-12-19,43739.54297,42969.20919253419,39171.2131124745,46767.20527259388,42270.56262858413,40027.887654856415,44513.237602311834,42377.03798721904,40212.53572196974,44541.54025246834
Bitcoin,2023-12-24,2023-12-19,43016.11719,42270.63447966751,39877.48720592155,44663.781753413474,42270.56262858413,39281.97841661618,45259.14684055208,42393.61362667772,39334.50138397863,45452.7258693768
Bitcoin,2023-12-25,2023-12-19,43613.14063,42749.11411685556,39769.49835238325,45728.729881327876,42270.56262858413,39248.72029779787,45292.40495937039,42402.96452269774,39449.81806967129,45356.11097572419
Bitcoin,2023-12-26,2023-12-19,42520.40234,42027.013332250644,39137.08310324466,44916.94356125663,42270.56262858413,39124.570364116174,45416.55489305208,42494.074637738,39251.66630731702,45736.482968158976
Bitcoin,2023-12-27,2023-12-19,43442.85547,42569.35733423055,39315.27104524503,45823.44362321608,42270.56262858413,39704.71165704787,44836.41360012039,42574.93005006179,40109.52129131925,45040.33880880433
Bitcoin,2023-12-28,2023-12-19,42627.85547,42034.722408759255,39044.577784770125,45024.867032748385,42270.56262858413,39248.065337866174,45293.05991930208,42537.60657992406,39368.320524406015,45706.892635442106
Bitcoin,2023-12-29,2023-12-19,42099.40234,41592.76089462635,38051.59567516315,45133.92611408954,42270.56262858413,39308.357087362645,45232.768169805604,42589.72940755626,39365.524366943326,45813.934448169195
Bitcoin,2023-12-30,2023-12-19,42156.90234,41566.70600946317,38145.20216177988,44988.209857146445,42270.56262858413,39096.14293431586,45444.9823228524,42596.14579684441,39249.66953020099,45942.62206348783
Bitcoin,2023-12-31,2023-12-19,42265.1875,41589.418457563246,37698.21644330649,45480.62047182,42270.56262858413,38999.349367094444,45541.77589007381,42612.64535535051,39345.70953935032,45879.5811713507
Bitcoin,2024-01-01,2023-12-19,44167.33203,42773.82396456352,39262.65209363486,46284.99583549218,42270.56262858413,36563.593966273635,47977.53129089462,42621.8829826646,37017.36721119789,48226.39875413132
Bitcoin,2024-01-02,2023-12-19,44957.96875,43572.63512947809,39721.73836889262,47423.531890063554,42270.56262858413,35716.16956077363,48824.95569639462,42713.30179219793,36329.813639848064,49096.7899445478
Bitcoin,2024-01-03,2024-01-02,42848.17578,43489.32523590936,40885.10409147085,46093.54638034787,44957.889667306445,43337.48876023969,46578.2905743732,45064.63434318872,43503.02288933327,46626.245797044176
Bitcoin,2024-01-04,2024-01-02,44179.92188,43981.00680610045,41652.47780133474,46309.53581086616,44957.889667306445,43144.380299372635,46771.39903524025,45007.56096873848,43189.265982751,46825.85595472596
Bitcoin,2024-01-05,2024-01-02,44162.69141,44164.50465993001,41022.68768252392,47306.3216373361,44957.889667306445,42570.94437857874,47344.83495603415,45065.500665412714,42756.68685192367,47374.31447890176
Bitcoin,2024-01-06,2024-01-02,43989.19531,43994.584334767664,40326.32394750263,47662.8447220327,44957.889667306445,42715.21469357873,47200.56464103415,45057.43698420639,42885.20429697074,47229.66967144204
Bitcoin,2024-01-07,2024-01-02,43943.09766,44065.75811813443,41401.94226412246,46729.5739721464,44957.889667306445,42784.27191632873,47131.50741828415,45079.065432201736,42986.608383182414,47171.52248122106
Bitcoin,2024-01-08,2024-01-02,46970.50391,45639.64859654442,42898.821378941524,48380.47581414732,44957.889667306445,42116.04271981676,47799.73661479613,45099.9172816843,42158.51532944887,48041.31923391973
Bitcoin,2024-01-09,2024-01-02,46139.73047,45217.46326237783,42199.88884284665,48235.03768190901,44957.889667306445,42314.96147456676,47600.81786004613,45194.66563632448,42366.87375026931,48022.45752237964
Bitcoin,2024-01-10,2024-01-02,46627.77734,45552.27338920565,42464.33116664561,48640.21561176569,44957.889667306445,42513.28775105298,47402.49158355991,45308.91905883884,43041.82283098435,47576.01528669333
Bitcoin,2024-01-11,2024-01-02,46368.58594,45214.546025409385,42431.62265898043,47997.46939183834,44957.889667306445,42817.629049078736,47098.15028553415,45251.347516111484,42982.01034680311,47520.68468541986
Bitcoin,2024-01-12,2024-01-02,42853.16797,43071.909894955366,39952.89630924174,46190.92348066899,44957.889667306445,41995.68412608496,47920.09520852792,45309.412309394436,42071.887232422785,48546.93738636609
Bitcoin,2024-01-13,2024-01-02,42842.38281,42823.84676894038,39734.28261142078,45913.410926459976,44957.889667306445,41783.469973038176,48132.30936157471,45301.11657209205,41957.4841038995,48644.749040284594
Bitcoin,2024-01-14,2024-01-02,41796.26953,42213.863852388386,38575.37738701067,45852.350317766104,44957.889667306445,41850.11821628818,48065.66111832471,45322.673779263416,42047.15183572281,48598.19572280402
Bitcoin,2024-01-15,2024-01-02,42511.96875,42478.921173457566,38970.942918126675,45986.899428788456,44957.889667306445,39250.92100499595,50664.85832961694,45343.450304313956,39731.0634661784,50955.83714244951
Bitcoin,2024-01-16,2024-01-02,43154.94531,42761.4948800897,38705.76903526982,46817.22072490957,44957.889667306445,38403.49659949595,51512.28273511694,45438.52217349358,39061.2040856677,51815.840261319456
Bitcoin,2024-01-17,2024-01-16,42742.65234,43017.13566942002,40550.91069426055,45483.360644579494,43154.88100518806,41444.68081323555,44865.081197140564,43201.34984501032,41453.26999896861,44949.429691052035
Bitcoin,2024-01-18,2024-01-16,41262.05859,42124.43862659563,40019.64274182725,44229.234511364004,43154.88100518806,41341.37163725425,44968.39037312186,43153.35702686736,41366.29024686183,44940.42380687289
Bitcoin,2024-01-19,2024-01-16,41618.40625,42269.224143497246,39243.92512762804,45294.52315936645,43154.88100518806,40767.93571646035,45541.826293915765,43171.380745716306,40836.78657439293,45505.97491703968
Bitcoin,2024-01-20,2024-01-16,41665.58594,42221.31634413673,38674.36255111268,45768.270137160776,43154.88100518806,40912.206031460344,45397.55597891576,43175.13770841114,40983.535637593326,45366.73977922895
Bitcoin,2024-01-21,2024-01-16,41545.78516,42296.3376843821,39779.68523630746,44812.99013245675,43154.88100518806,40981.263254210346,45328.49875616576,43234.39408760056,41164.172184196505,45304.61599100461
Bitcoin,2024-01-22,2024-01-16,39507.36719,41145.24110820466,38548.949602828434,43741.53261358089,43154.88100518806,40313.03405769837,45996.72795267774,43300.197605932546,40352.241681383086,46248.153530482006
Bitcoin,2024-01-23,2024-01-16,39845.55078,41278.737468471816,38359.343363788576,44198.13157315506,43154.88100518806,40511.95281244837,45797.809197927745,43392.477014581935,40557.09640089078,46227.85762827309
Bitcoin,2024-01-24,2024-01-16,40077.07422,41474.29051453428,38404.05738923851,44544.523639830055,43154.88100518806,40710.27908893459,45599.48292144152,43466.783861421165,41184.53155683478,45749.03616600755
Bitcoin,2024-01-25,2024-01-16,39933.80859,41317.82701472379,38591.28708748499,44044.366941962595,43154.88100518806,41014.62038696035,45295.141623415766,43418.26365329172,41235.3250000719,45601.202306511535
Bitcoin,2024-01-26,2024-01-16,41816.87109,43013.89634268202,39921.806853135786,46105.985832228245,43154.88100518806,40192.675463966574,46117.08654640953,43436.16580868023,40291.775394901364,46580.55622245909
Bitcoin,2024-01-27,2024-01-16,42120.05469,43469.586497070224,40342.66707884072,46596.50591529973,43154.88100518806,39980.46131091979,46329.300699456326,43439.71399438891,40107.58710610781,46771.84088267002
Bitcoin,2024-01-28,2024-01-16,42035.59375,43759.08831200967,40144.585242315545,47373.591381703794,43154.88100518806,39968.19107590297,46341.57093447314,43499.10176353173,39933.85253571668,47064.350991346786
Bitcoin,2024-01-29,2024-01-16,43288.24609,44866.60177070633,41266.65185728725,48466.55168412541,43154.88100518806,37447.912342877564,48861.84966749855,43565.07649277576,37917.475201588444,49212.67778396308
Bitcoin,2024-01-30,2024-01-16,42952.60938,44963.705758161945,41077.27032382391,48850.14119249998,43154.88100518806,36600.48793737756,49709.27407299855,43657.68863204551,37243.481478929105,50071.89578516191
Bitcoin,2024-01-31,2024-01-30,42582.60547,42919.821853680856,41996.39291579907,43843.25079156264,42952.64293114456,41242.44273919206,44662.84312309706,43009.83245046522,41222.9599954537,44796.70490547674
Bitcoin,2024-02-01,2024-01-30,43075.77344,43315.33904011272,41432.34249789597,45198.33558232946,42952.64293114456,41044.495559128336,44860.790303160786,42908.51561461445,41070.63012714671,44746.40110208219
Bitcoin,2024-02-02,2024-01-30,43185.85938,43259.245556591675,40450.747510019406,46067.743603163944,42952.64293114456,40565.697642416846,45339.588219872276,42969.41693970014,40584.485594103615,45354.34828529666
Bitcoin,2024-02-03,2024-01-30,42992.25,43197.07864536455,41354.526723169256,45039.63056755984,42952.64293114456,40709.967957416855,45195.31790487227,42986.089601890606,40754.05901640322,45218.120187377994
Bitcoin,2024-02-04,2024-01-30,42583.58203,42779.940037516004,40503.248653668,45056.631421364,42952.64293114456,40779.02518016685,45126.260682122265,43028.30604502732,40923.95136184849,45132.660728206145
Bitcoin,2024-02-05,2024-01-30,42658.66797,42808.64814923651,40276.43045605806,45340.86584241497,42952.64293114456,39891.38001840789,46013.90584388123,43116.86403876439,39997.283300267474,46236.444777261306
Bitcoin,2024-02-06,2024-01-30,43084.67188,43062.806303467114,41176.193613899566,44949.41899303466,42952.64293114456,39809.662337657894,46095.62352463123,43236.74683135449,39965.29875819877,46508.19490451021
Bitcoin,2024-02-07,2024-01-30,44318.22266,44131.90391104828,41078.76036652225,47185.047455574306,42952.64293114456,40205.435194157886,45699.85066813123,43272.77337933352,40452.05289596821,46093.49386269882
Bitcoin,2024-02-08,2024-01-30,45301.56641,45009.92170865806,42315.247474731295,47704.59594258483,42952.64293114456,39939.31766290789,45965.968199381234,43170.60824151247,40073.17444531023,46268.04203771471
Bitcoin,2024-02-09,2024-01-30,47147.19922,46075.16222422086,43018.683505420224,49131.6409430215,42952.64293114456,40071.67343689609,45833.61242539303,43231.65273647765,40531.389032674415,45931.91644028088
Bitcoin,2024-02-10,2024-01-30,47771.27734,46663.33414704681,43585.164617168295,49741.50367692532,42952.64293114456,39778.22323687629,46127.06262541283,43248.19863346268,39937.866655477046,46558.53061144831
Bitcoin,2024-02-11,2024-01-30,48293.91797,47165.126446518094,43575.49877876795,50754.75411426824,42952.64293114456,39765.953001859474,46139.33286042964,43290.444150497184,39747.96028904272,46832.92801195165
Bitcoin,2024-02-12,2024-01-30,49958.22266,47718.05971233825,44149.737518692775,51286.38190598372,42952.64293114456,37245.67426883407,48659.611593455054,43379.31324520731,37772.61011635965,48986.016374054976
Bitcoin,2024-02-13,2024-01-30,49742.44141,47939.77505172192,44101.107170044386,51778.44293339945,42952.64293114456,36398.249863334066,49507.035998955056,43499.697104307066,37143.444949770674,49855.94925884346
Bitcoin,2024-02-14,2024-02-13,51826.69531,50647.349193291724,49632.103727622765,51662.59465896068,49742.46297148143,48032.26277952893,51452.66316343393,49759.41144399555,47959.00727612638,51559.815611864724
Bitcoin,2024-02-15,2024-02-13,51938.55469,50689.009012309725,48843.91133686471,52534.10668775474,49742.46297148143,47834.315599465204,51650.610343497654,49655.02561852432,47847.30448644973,51462.746750598904
Bitcoin,2024-02-16,2024-02-13,52160.20313,50772.467867861815,48097.06618340318,53447.86955232045,49742.46297148143,47355.517682753714,52129.408260209144,49692.0451566005,47298.746691825494,52085.343621375505
Bitcoin,2024-02-17,2024-02-13,51662.99609,50090.31097461789,48371.85987313128,51808.7620761045,49742.46297148143,47499.78799775372,51985.137945209135,49694.951799643815,47468.35982198368,51921.54377730395
Bitcoin,2024-02-18,2024-02-13,52122.54688,50201.01497410204,48073.81878113019,52328.21116707389,49742.46297148143,47568.84522050372,51916.08072245913,49707.44974635468,47611.93446390859,51802.96502880077
Bitcoin,2024-02-19,2024-02-13,51779.14453,49750.893404544266,47765.92812417353,51735.858684915,49742.46297148143,46681.200058744755,52803.725884218096,49787.5789691566,46678.60622729069,52896.55171102251
Bitcoin,2024-02-20,2024-02-13,52284.875,49871.287665881675,47982.107781529456,51760.46755023389,49742.46297148143,46599.48237799476,52885.443564968096,49910.48295476758,46632.71932679474,53188.24658274043
Bitcoin,2024-02-21,2024-02-13,51839.17969,49268.70436557399,46202.35740240542,52335.051328742564,49742.46297148143,46995.255234494754,52489.6707084681,49918.50908057797,47104.9539715142,52732.06418964174
Bitcoin,2024-02-22,2024-02-13,51304.97266,48536.92395734539,45835.07153996315,51238.776374727626,49742.46297148143,46729.137703244756,52755.7882397181,49813.717014102695,46700.11729854033,52927.31672966506
Bitcoin,2024-02-23,2024-02-13,50731.94922,47655.30631548184,44592.81079092178,50717.80184004189,49742.46297148143,46592.96315340307,52891.96278955978,49850.78238998491,46567.073384780924,53134.491395188896
Bitcoin,2024-02-24,2024-02-13,51571.10156,47886.363663604534,44760.688949390664,51012.038377818404,49742.46297148143,46051.202725219446,53433.72321774341,49853.62590782939,46237.96455175125,53469.28726390753
Bitcoin,2024-02-25,2024-02-13,51733.23828,47797.12431896067,44203.57095114651,51390.67768677483,49742.46297148143,45548.629574469436,53936.296368493415,49866.09139761115,45799.869405088786,53932.31339013351
Bitcoin,2024-02-26,2024-02-13,54522.40234,49253.946363966614,45657.332192470574,52850.56053546265,49742.46297148143,43555.35760296944,55929.56833999341,49946.403940361415,43894.931733889294,55997.876146833536
Bitcoin,2024-02-27,2024-02-13,57085.37109,50595.06053750105,46711.879391440205,54478.241683561886,49742.46297148143,42915.74271393608,56569.18322902678,50069.627470476735,43568.413544182135,56570.841396771335
Bitcoin,2024-02-28,2024-02-27,62504.78906,59239.966911654796,58225.89777349061,60254.036049818984,57079.113403215575,54996.190269849176,59162.036536581974,57099.45241436712,55038.50408025706,59160.40074847719
Bitcoin,2024-02-29,2024-02-27,61198.38281,59211.86992787406,57947.46645019116,60476.27340555696,57079.113403215575,54877.12176622464,59281.10504020651,56957.21801746881,54669.17447040445,59245.261564533175
Bitcoin,2024-03-01,2024-02-27,62440.63281,59643.260889984485,58218.3130004094,61068.208779559565,57079.113403215575,54645.639683724636,59512.587122706514,57115.36470133636,54744.932314009755,59485.79708866296
Bitcoin,2024-03-02,2024-02-27,62029.84766,59617.65259178835,58030.894813905295,61204.4103696714,57079.113403215575,54836.43842948787,59321.78837694328,57112.10876772718,54957.429043646756,59266.7884918076
Bitcoin,2024-03-03,2024-02-27,63167.37109,59580.1959370537,57590.367733529136,61570.024140578265,57079.113403215575,54685.85521097464,59472.37159545651,57155.703026815085,54856.69737987601,59454.70867375416
Bitcoin,2024-03-04,2024-02-27,68330.41406,61662.37034791855,59674.88422463697,63649.85647120013,57079.113403215575,54018.10291175302,60140.12389467813,57243.2008538072,54100.10828605415,60386.29342156024
Bitcoin,2024-03-05,2024-02-27,63801.19922,59192.13522142096,57342.58281959622,61041.68762324571,57079.113403215575,53936.38523100303,60221.84157542812,57414.69341220979,54084.937796147475,60744.449028272094
Bitcoin,2024-03-06,2024-02-27,66106.80469,59554.39954876921,56944.164290014734,62164.63480752368,57079.113403215575,54332.15808750302,59826.06871892813,57452.94278703161,54593.06348048271,60312.8220935805
Bitcoin,2024-03-07,2024-02-27,66925.48438,59199.52859171917,56502.15240257949,61896.90478085885,57079.113403215575,54066.04055625302,60092.18625017813,57309.516275942835,54168.32756908714,60450.70498279853
Bitcoin,2024-03-08,2024-02-27,68300.09375,59817.870949892495,56765.04560839376,62870.69629139123,57079.113403215575,53929.75041860554,60228.476387825605,57468.32926143764,54078.254204800985,60858.404318074296
Bitcoin,2024-03-09,2024-02-27,68498.88281,59655.15692080963,56511.82969850922,62798.48414311005,57079.113403215575,53387.98999042191,60770.23681600924,57464.74188937034,54014.51361929125,60914.97015944944
Bitcoin,2024-03-10,2024-02-27,69019.78906,59887.18351681746,56296.93190759432,63477.4351260406,57079.113403215575,52885.4168396719,61272.80996675924,57508.294311176774,53676.72388925155,61339.86473310199
Bitcoin,2024-03-11,2024-02-27,72123.90625,60569.2957456684,56930.82685081876,64207.76464051804,57079.113403215575,50892.144868171905,63266.08193825924,57596.02097547193,51768.965048912694,63423.07690203116
Bitcoin,2024-03-12,2024-02-27,71481.28906,60328.34351307818,56062.54959516783,64594.13743098852,57079.113403215575,49714.95455277121,64443.27225365994,57768.259217061095,51063.7434336194,64472.77500050279
Bitcoin,2024-03-13,2024-03-12,73083.5,71152.03082183964,69954.22558971791,72349.83605396136,71599.18064060209,69390.17098149599,73808.19029970819,71631.65436393667,69412.05596123493,73851.25276663841
Bitcoin,2024-03-14,2024-03-12,71396.59375,69946.14508132068,68124.69637284137,71767.59378979998,71691.43468658204,69154.38651468197,74228.48285848211,71388.61094275786,68922.6500016478,73854.57188386793
Bitcoin,2024-03-15,2024-03-12,69403.77344,67867.37544049621,65186.625169274776,70548.12571171764,71765.4357239529,68607.94192896216,74922.92951894365,71510.69350399627,68335.34770943473,74686.03929855781
Bitcoin,2024-03-16,2024-03-12,65315.11719,64416.77677092873,62741.14513674463,66092.40840511283,71824.79521842054,68731.23853801236,74918.35189882871,71466.34619823792,68346.64535279352,74586.04704368231
Bitcoin,2024-03-17,2024-03-12,68390.625,64155.32133171201,62067.00708327868,66243.63558014533,71872.41008584184,68848.0090137565,74896.81115792718,71477.78913721845,68391.06270929327,74564.51556514364
Bitcoin,2024-03-18,2024-03-12,67548.59375,63375.67698594408,61226.166156802654,65525.187815085505,71910.6040701384,68158.18266722013,75663.02547305667,71648.08624190305,67778.05882447536,75518.11365933073
Bitcoin,2024-03-19,2024-03-12,61912.77344,60351.38863749686,57863.797665707614,62838.9796092861,71941.24114875375,68636.0810556492,75246.40124185829,71933.5775510974,68288.04003416713,75579.11506802768
Bitcoin,2024-03-20,2024-03-12,67913.67188,61920.68490274671,58783.63431786567,65057.73548762775,71965.81650017021,68832.19349140742,75099.43950893299,72042.34277879384,68559.34260408244,75525.34295350524
Bitcoin,2024-03-21,2024-03-12,65491.39063,61394.22828928009,58449.744788508055,64338.71179005211,71985.52947296457,68694.50922939768,75276.54971653146,71797.5709498393,68251.63269347747,75343.50920620111
Bitcoin,2024-03-22,2024-03-12,63778.76172,60507.4084744243,57224.51246071122,63790.30448813737,72001.34211750445,67769.79275017914,76232.89148482974,71920.0178967105,67658.99138244227,76181.04441097873
Bitcoin,2024-03-23,2024-03-12,64062.20313,60107.95213243955,56218.79365146647,63997.11061341262,72014.02613680244,67172.25092937556,76855.80134422932,71875.0825214904,66993.2255734236,76756.9394695572
Bitcoin,2024-03-24,2024-03-12,67234.17188,61271.949080662234,57126.660163958775,65417.237997365686,72024.20054786606,66662.40411265791,77385.9969830742,71886.25717093771,66492.62855980954,77279.88578206586
Bitcoin,2024-03-25,2024-03-12,69958.8125,63522.94305784712,58050.28555735325,68995.60055834099,72032.3618915269,64972.326287993754,79092.39749506005,72057.19347366013,64990.32337838127,79124.06356893897
Bitcoin,2024-03-26,2024-03-12,69987.83594,64125.48304716265,57515.70876297573,70735.25733134957,72038.90846507637,63633.09787847144,80444.7190516813,72343.9801563842,64205.275151542315,80482.6851612261
Bitcoin,2024-03-27,2024-03-26,69455.34375,70219.91209138089,68247.17826980815,72192.64591295362,70046.84672061088,67855.83321283122,72237.86022839053,70197.91008612556,67979.87831491372,72415.94185733738
Bitcoin,2024-03-28,2024-03-26,70744.95313,70968.1836420536,69504.72761117041,72431.63967293678,70108.0728746779,67564.96463756582,72651.18111178999,69902.99849144708,67437.47348453793,72368.52349835624
Bitcoin,2024-03-29,2024-03-26,69892.82813,70770.82515186044,69226.2546983297,72315.39560539117,70169.29902874494,66996.9645005336,73341.63355695625,69966.86675823678,66793.3356567491,73140.39785972444
Bitcoin,2024-03-30,2024-03-26,69645.30469,70591.36930842437,69019.01660755198,72163.72200929676,70230.52518281197,65474.92270161945,74986.12766400448,69876.70484361236,64814.7278065896,74938.68188063512
Bitcoin,2024-03-31,2024-03-26,71333.64844,71551.32126844904,68046.66000111347,75055.98253578461,70291.751336879,66821.6538021894,73761.8488715686,70006.13948448346,66847.75404472594,73164.52492424096
Bitcoin,2024-04-01,2024-03-26,69702.14844,70986.43727049677,66774.25575077617,75198.61879021737,70352.97749094604,65872.822006603,74833.13297528906,70185.60111535434,65935.10792803143,74436.09430267724
Bitcoin,2024-04-02,2024-03-26,65446.97266,68740.42593400567,66278.24053027484,71202.61133773651,70414.20364501307,64011.30953772476,76817.09775230137,70429.04346045012,63974.45566005258,76883.63126084764
Bitcoin,2024-04-03,2024-03-26,65980.8125,68065.52275631325,62085.2185177549,74045.82699487159,70475.4297990801,66286.81291243022,74664.04668572998,70651.56596456164,66395.82662186869,74907.30530725459
Bitcoin,2024-04-04,2024-03-26,68508.84375,69183.36896603587,65015.29364468756,73351.44428738418,70536.65595314713,63905.846448843826,77167.46545745044,70354.3318166811,63969.428789744554,76739.23484361764
Bitcoin,2024-04-05,2024-03-26,67837.64063,69207.39393047185,65826.23771776567,72588.55014317801,70597.88210721416,62202.89277475743,78992.8714396709,70418.19616199587,62226.85399984273,78609.538324149
Bitcoin,2024-04-06,2024-03-26,68896.10938,69689.68229350596,65623.45292192219,73755.91166508972,70659.10826128119,62475.50317042104,78842.71335214132,70327.03765830101,62458.53958722424,78195.53572937778
Bitcoin,2024-04-07,2024-03-26,69362.55469,70086.02564632999,64051.22082090577,76120.8304717542,70720.33441534822,65231.61548421666,76209.05334647976,70456.89147065175,65324.93441688625,75588.84852441725
Bitcoin,2024-04-08,2024-03-26,71631.35938,71393.10099311815,64839.328031708166,77946.87395452811,70781.56056941525,63593.99088118445,77969.13025764603,70637.09331782277,63835.90977377588,77438.27686186966
Bitcoin,2024-04-09,2024-03-26,69139.01563,70433.17777433974,63849.48713148481,77016.86841719467,70842.78672348228,62443.169060245695,79242.40438671884,70881.68571930897,63000.5141025298,78762.85733608813
Bitcoin,2024-04-10,2024-04-09,70587.88281,69693.93123630909,67713.80973672662,71674.05273589156,69301.91382140423,67110.97407234795,71492.85357046052,69643.55222389754,67423.73023587046,71863.37421192462
Bitcoin,2024-04-11,2024-04-09,70060.60938,69378.84344245444,67891.68557928175,70866.00130562713,69365.1356731474,66822.17494619636,71908.09640009842,69403.47836063716,66940.85980247626,71866.09691879807
Bitcoin,2024-04-12,2024-04-09,67195.86719,67616.36529548706,66015.88423251761,69216.84635845652,69428.35752489055,66256.24425827796,72600.47079150313,69477.88486557624,66285.480982948,72670.28874820449
Bitcoin,2024-04-13,2024-04-09,63821.47266,64948.37357751629,63386.41738326051,66510.32977177209,69491.57937663372,64739.95858986792,74243.20016339951,69420.759959826,64386.02154771672,74455.49837193527
Bitcoin,2024-04-14,2024-04-09,65738.72656,65121.97079746514,61646.69639091323,68597.24520401705,69554.80122837688,65718.26482209243,73391.33763466131,69596.14684038328,66394.68982052064,72797.60386024593
Bitcoin,2024-04-15,2024-04-09,63426.21094,64018.230033006155,59730.77154216132,68305.68852385099,69618.02308012004,64698.12358529527,74537.9225749448,69779.09253366171,65495.73633296774,74062.44873435567
Bitcoin,2024-04-16,2024-04-09,63811.86328,64272.326881414585,60913.52650125407,67631.1272615751,69681.2449318632,63285.316907185006,76077.17295654137,69935.99601137465,63491.57170384745,76380.42031890186
Bitcoin,2024-04-17,2024-04-09,61276.69141,63456.05687883397,57443.70896495509,69468.40479271286,69744.46678360636,64969.495608700905,74519.43795851181,70158.68781431581,65359.0122796611,74958.36334897051
Bitcoin,2024-04-18,2024-04-09,63512.75391,64804.80746194837,60617.13974390718,68992.47517998955,69807.68863534952,62517.21970390374,77098.15756679529,69916.29630257197,63526.1604507339,76306.43215441002
Bitcoin,2024-04-19,2024-04-09,63843.57031,65777.49072485113,62402.35032274895,69152.6311269533,69870.91048709268,60742.956588606576,78998.86438557878,69990.71127220143,61765.728967177885,78215.69357722497
Bitcoin,2024-04-20,2024-04-09,64994.44141,66806.94165931764,62766.93872346496,70846.94459517032,69934.13233883584,60944.2575430594,78924.00713461227,69932.62498341,62020.21681267003,77845.03315414996
Bitcoin,2024-04-21,2024-04-09,64926.64453,67590.97785260426,61595.039589606524,73586.916115602,69997.354190579,63953.81972426221,76040.8886568958,70108.76509585985,65021.87433061157,75195.65586110811
Bitcoin,2024-04-22,2024-04-09,66837.67969,69176.31531180107,62694.4652746748,75658.16534892732,70060.57604232217,62873.96513006689,77247.18695457744,70292.51805431454,63527.71047745046,77057.32563117861
Bitcoin,2024-04-23,2024-04-09,66407.27344,69490.59149071734,62965.90429807184,76015.27868336285,70123.79789406533,61725.21275824194,78522.3830298887,70450.03568786602,62583.16382809892,78316.9075476331
Bitcoin,2024-04-24,2024-04-23,64276.89844,65354.56932746376,63366.108636706216,67343.0300182213,66490.57370808678,64299.64533621827,68681.50207995529,66650.9544117969,64437.9932851115,68863.91553848231
Bitcoin,2024-04-25,2024-04-23,64481.70703,65291.4084805623,63801.493433812,66781.3235273126,66555.15194326834,64009.94900669737,69100.35487983932,66481.13200166069,64025.1129910738,68937.15101224757
Bitcoin,2024-04-26,2024-04-23,63755.32031,64767.025086084934,63179.51451582786,66354.535656342,66619.7301784499,63445.41807732235,69794.04227957745,66541.9966463814,63353.11727403413,69730.87601872868
Bitcoin,2024-04-27,2024-04-23,63419.14063,64705.16909695885,63149.618522112134,66260.71967180556,66684.30841363144,60989.456476101666,72379.16035116122,66482.16899365117,60845.76117822076,72118.57680908157
Bitcoin,2024-04-28,2024-04-23,63113.23047,64721.220607718176,61230.90317056229,68211.53804487406,66748.886648813,62875.98228732287,70621.79101030313,66678.95477703774,62754.92304870301,70602.98650537246
Bitcoin,2024-04-29,2024-04-23,63841.12109,65647.06492619049,61379.79207652248,69914.3377758585,66813.46488399456,60494.14444351541,73132.78532447369,66871.72672161898,60379.67558918022,73363.77785405773
Bitcoin,2024-04-30,2024-04-23,60636.85547,64147.94193098754,60780.43288993958,67515.4509720355,66878.04311917612,60505.00315480443,73251.0830835478,66997.50624542285,60562.058550885115,73432.95393996057
Bitcoin,2024-05-01,2024-04-23,58254.01172,62756.3967075056,56792.32481047992,68720.46860453127,66942.62135435767,58457.83505590049,75427.40765281486,67200.03233459909,58562.38030732131,75837.68436187686
Bitcoin,2024-05-02,2024-04-23,59123.43359,62974.43417428086,58830.7732977969,67118.09505076481,67007.19958953923,60333.85766870534,73680.5415103731,67028.16711788054,60526.731623703825,73529.60261205725
Bitcoin,2024-05-03,2024-04-23,62889.83594,65660.95144814753,62332.585303373766,68989.3175929213,67071.77782472079,58629.63440765909,75513.92124178247,67088.88971579404,58837.20206324493,75340.57736834313
Bitcoin,2024-05-04,2024-04-23,63891.47266,67149.1295992132,63153.29128216992,71144.96791625649,67136.35605990235,58900.97521636285,75371.73690344185,67027.92957100859,59078.66308379924,74977.19605821792
Bitcoin,2024-05-05,2024-04-23,64031.13281,68074.07686227451,62125.5012328845,74022.65249166451,67200.93429508389,61713.58889183288,72688.2796983349,67225.68962021815,61863.56079850241,72587.8184419339
Bitcoin,2024-05-06,2024-04-23,63161.94922,67834.6674690752,61398.17018947448,74271.16474867592,67265.51253026545,60079.433496457874,74451.59156407302,67419.40067785262,60692.912613531,74145.88874217423
Bitcoin,2024-05-07,2024-04-23,62334.81641,67230.77257238385,60766.683918185125,73694.86122658258,67330.090765447,58932.08088317631,75728.10064771769,67545.56909852306,59692.13386709148,75399.00432995464
Bitcoin,2024-05-08,2024-05-07,61187.94141,61250.66597621408,59256.99396462431,63244.33798780385,62404.784007760325,60130.15452234587,64679.413493174776,62694.76024056647,60117.92713404177,65271.59334709118
Bitcoin,2024-05-09,2024-05-07,63049.96094,62418.83430407081,60933.53218346293,63904.1364246787,62396.02898928501,59843.03262513918,64949.02535343084,62460.2380598,60008.391510481124,64912.08460911887
Bitcoin,2024-05-10,2024-05-07,60792.77734,61323.33178363796,59748.99473227448,62897.66883500143,62389.02497450477,59207.739842081406,65570.31010692813,62532.113691086655,59380.04141980885,65684.18596236446
Bitcoin,2024-05-11,2024-05-07,60793.71094,61126.558500342406,59586.824272873004,62666.29272781181,62383.42176268057,56812.4047269127,67954.43879844845,62478.43127437255,56883.53179178877,68073.33075695633
Bitcoin,2024-05-12,2024-05-07,61448.39453,61644.47386541516,58132.82279896007,65156.12493187025,62378.93919322121,58694.1196813569,66063.75870508552,62646.26101101542,58764.69575161799,66527.82627041284
Bitcoin,2024-05-13,2024-05-07,62901.44922,63052.25190176221,58821.72646550558,67282.77733801884,62375.35313765373,56305.99532111647,68444.71095419097,62881.31964326475,56423.36585562865,69339.27343090084
Bitcoin,2024-05-14,2024-05-07,61552.78906,62819.12597754705,59280.667739727025,66357.58421536707,62372.484293199734,55980.15597239635,68764.81261400311,63029.21147954496,56543.54922055156,69514.87373853836
Bitcoin,2024-05-15,2024-05-07,66267.49219,66048.98278798774,60147.88212646104,71950.08344951445,62370.18921763654,54011.61450498158,70728.7639302915,63279.79596408238,54215.99792899024,72343.59399917453
Bitcoin,2024-05-16,2024-05-07,65231.58203,66429.94398175535,62350.203339530926,70509.68462397977,62368.35315718599,54830.54510589144,69906.16120848055,63042.30939910155,55054.760178247794,71029.8586199553
Bitcoin,2024-05-17,2024-05-07,67051.875,67763.31888911535,64500.76014111033,71025.87763712037,62366.88430882555,54065.22070051409,70668.54791713702,63114.08007507304,54882.572296553364,71345.58785359272
Bitcoin,2024-05-18,2024-05-07,66940.80469,68019.67928702259,64092.38299607127,71946.97557797392,62365.709230137196,54323.51238277731,70407.90607749707,63059.12600468233,55158.81741295715,70959.4345964075
Bitcoin,2024-05-19,2024-05-07,66278.36719,67463.62016247031,61580.74830003807,73346.49202490255,62364.76916718651,56884.5527362526,67844.98559812042,63227.743535633366,57887.74213817528,68567.74493309144
Bitcoin,2024-05-20,2024-05-07,71448.19531,70350.0217155038,63978.05037449685,76721.99305651074,62364.01711682597,55183.76285699886,69544.27137665307,63464.21106790835,56702.879370433875,70225.54276538281
Bitcoin,2024-05-21,2024-05-07,70136.53125,70182.36656497132,63804.926057611374,76559.80707233127,62363.41547653753,53714.50307425293,71012.32787882212,63612.701135602016,55792.0140113998,71433.38825980423
Bitcoin,2024-05-22,2024-05-21,69122.33594,69119.33178960631,67104.02994739324,71134.63363181938,70274.60044634297,67966.25084925308,72582.95004343287,70539.15851904334,67972.19753053044,73106.11950755624
Bitcoin,2024-05-23,2024-05-21,67929.5625,67677.78288249449,66171.51897290489,69184.04679208409,70358.68088226352,67680.0795301536,73037.28223437344,70287.12683743346,67808.41762087244,72765.83605399448
Bitcoin,2024-05-24,2024-05-21,68526.10156,67280.19514610631,65678.00310320873,68882.3871890039,70442.76131818409,67067.19050649293,73818.33212987524,70328.69500509601,67134.79100657752,73522.59900361451
Bitcoin,2024-05-25,2024-05-21,69265.94531,67415.91201493768,65881.22382897465,68950.60020090072,70526.84175410465,64769.01439931464,76284.66910889465,70238.49262176486,64679.26156063701,75797.72368289271
Bitcoin,2024-05-26,2024-05-21,68518.09375,66964.73618273484,63484.58654528987,70444.88582017978,70610.9221900252,66664.95384647063,74556.89053357978,70505.7980557744,66602.00965691522,74409.58645463358
Bitcoin,2024-05-27,2024-05-21,69394.55469,67416.05091811412,63047.78336901828,71784.31846720996,70695.00262594577,64284.51919899265,77105.48605289888,70765.13153216265,64275.212368229564,77255.05069609571
Bitcoin,2024-05-28,2024-05-21,68296.21875,66659.6178798867,63188.1517952167,70131.0839645567,70779.08306186633,64304.11106441047,77254.0550593222,70843.10931403768,64351.18721055757,77335.03141751779
Bitcoin,2024-05-29,2024-05-21,67578.09375,65632.04973746403,59558.346920276046,71705.752554652,70863.16349778688,62239.21335148672,79487.11364408705,71148.10554873443,62097.91643687636,80198.2946605925
Bitcoin,2024-05-30,2024-05-21,68364.99219,65756.80559412373,61468.38664857701,70045.22453967042,70947.24393370745,62867.99650432637,79026.49136308853,70893.15076109809,62903.00535589848,78883.2961662977
Bitcoin,2024-05-31,2024-05-21,67491.41406,64780.80727098201,61279.48915948935,68282.12538247465,71031.32436962801,61996.02326599428,80066.62547326174,70934.33135324181,62724.57208643496,79144.09062004865
Bitcoin,2024-06-01,2024-05-21,67706.9375,64496.87304532238,60291.301457186964,68702.4446334578,71115.40480554856,62227.04782787166,80003.76178322548,70842.60899750548,62974.66065659787,78710.55733841308
Bitcoin,2024-06-02,2024-05-21,67751.60156,64406.248573242236,58244.2404886603,70568.25665782417,71199.48524146913,65266.33361649906,77132.63686643919,71111.46931601313,65748.3740399885,76474.56459203776
Bitcoin,2024-06-03,2024-05-21,68804.78125,65053.49736595467,58414.74978513194,71692.24494677738,71283.56567738969,63112.116654769714,79455.01470000966,71372.2854671104,63243.837528756616,79500.73340546418
Bitcoin,2024-06-04,2024-05-21,70567.76563,66303.36904826296,59910.71534258576,72696.02275394015,71367.64611331024,63925.33175009594,78809.96047652453,71450.18819444429,63603.570620181505,79296.80576870705
Bitcoin,2024-06-05,2024-06-04,71082.82031,71614.81598941975,69601.49606743465,73628.13591140484,70573.590587307,68265.4219675789,72881.75920703508,70597.89587301499,68045.24115444247,73150.5505915875
Bitcoin,2024-06-06,2024-06-04,70757.16406,71935.0771184565,70446.33880746695,73423.81542944604,70657.15446515348,68189.85625169927,73124.45267860769,70332.87512262672,67918.23264065207,72747.51760460137
Bitcoin,2024-06-07,2024-06-04,69342.58594,70984.38529934836,69384.0322414929,72584.73835720382,70740.71834299994,67766.7866097967,73714.65007620316,70386.36355383183,67596.39300292461,73176.33410473904
Bitcoin,2024-06-08,2024-06-04,69305.77344,70619.9206715775,68807.26962382488,72432.57171933014,70824.28222084642,65070.30592185033,76578.25851984251,70330.98406020456,64776.70683419706,75885.26128621206
Bitcoin,2024-06-09,2024-06-04,69647.99219,70942.39554338313,67517.31996496233,74367.47112180393,70907.84609869288,66961.39664372127,74854.2955536645,70570.88032469981,66674.49881499869,74467.26183440094
Bitcoin,2024-06-10,2024-06-04,69512.28125,70986.85565766341,66635.78852109928,75337.92279422755,70991.40997653936,64580.37529222624,77402.44466085249,70935.25897676223,64419.546624169416,77450.97132935503
Bitcoin,2024-06-11,2024-06-04,67332.03125,69399.4767585259,65887.18882425137,72911.76469280043,71074.97385438583,64607.95697635743,77541.99073241423,70969.59190513528,64469.8933936825,77469.29041658805
Bitcoin,2024-06-12,2024-06-04,68241.1875,69752.06141193422,63667.02125945037,75837.10156441807,71158.5377322323,62534.044509649626,79783.03095481498,71232.11935377971,62179.11377846157,80285.12492909784
Bitcoin,2024-06-13,2024-06-04,66756.39844,68588.87420126925,64294.79455341385,72882.95384912466,71242.10161007877,63163.47400670014,79320.7292134574,70963.90791240147,62996.4710488707,78931.34477593223
Bitcoin,2024-06-14,2024-06-04,66011.09375,68030.31947845627,64513.62912871207,71547.00982820045,71325.66548792523,62698.40598358014,79952.92499227033,71017.06785585218,62830.79668643031,79203.33902527404
Bitcoin,2024-06-15,2024-06-04,66191.0,67961.4482855832,63728.034687037034,72194.86188412935,71409.22936577171,62969.68051788053,79848.77821366288,70960.38643921862,63096.277019618894,78824.49585881835
Bitcoin,2024-06-16,2024-06-04,66639.04688,68304.84749140957,62109.28182829389,74500.41315452525,71492.79324361817,66042.60838100607,76942.97810623028,71201.62319783006,65829.5152106097,76573.73118505042
Bitcoin,2024-06-17,2024-06-04,66490.29688,68523.80354548382,61871.91224951627,75175.69484145138,71576.35712146465,63402.173104762915,79750.54113816639,71568.45009538977,63442.10403398493,79694.7961567946
Bitcoin,2024-06-18,2024-06-04,65140.74609,67724.72286566629,61482.24664250561,73967.19908882696,71659.92099931111,64186.876484218454,79132.96551440375,71602.28269017444,63728.78450122725,79475.78087912162
Bitcoin,2024-06-19,2024-06-18,64960.29688,64817.95439078432,62805.1939192371,66830.71486233153,65286.80737799085,62968.915365840716,67604.69939014099,65578.176568505,63024.315030260586,68132.03810674943
Bitcoin,2024-06-20,2024-06-18,64828.65625,64717.622937443535,63243.51050676014,66191.73536812693,65365.76800630402,62879.72916439585,67851.80684821219,65330.592410605124,62919.7850691609,67741.39975204936
Bitcoin,2024-06-21,2024-06-18,64096.19922,64151.058250053335,62477.366729315516,65824.74977079115,65444.72863461719,62386.512542266726,68502.94472696765,65399.413169522304,62563.75675276025,68235.06958628436
Bitcoin,2024-06-22,2024-06-18,64252.57813,64396.91086553852,62622.36424396896,66171.45748710808,65523.689262930355,59704.594843838735,71342.78368202197,65355.842000104996,59775.85569700089,70935.8283032091
Bitcoin,2024-06-23,2024-06-18,63180.79688,63783.5325412245,60336.62241193963,67230.44267050936,65602.64989124352,60941.01557026072,70264.28421222631,65586.25204301024,61659.11923657608,69513.38484944441
Bitcoin,2024-06-24,2024-06-18,60277.41406,61955.07733884477,57651.79307447469,66258.36160321484,65681.61051955669,59208.59945238517,72154.62158672822,65952.36016688033,59391.76418847472,72512.95614528593
Bitcoin,2024-06-25,2024-06-18,61804.64063,63227.842387607525,59696.02932767937,66759.65544753568,65760.57114786985,59188.37720976087,72332.76508597883,65931.79628100783,59431.051022085594,72432.54153993005
Bitcoin,2024-06-26,2024-06-18,60811.27734,63063.9375623815,57049.98272611871,69077.8923986443,65839.53177618302,57129.302645461554,74549.7609069045,66202.00979792642,57156.97191949955,75247.0476763533
Bitcoin,2024-06-27,2024-06-18,61604.80078,64111.68506250344,59883.825461208195,68339.54466379869,65918.49240449618,57141.291655248766,74695.69315374359,65951.2269908836,57968.296890792575,73934.15709097462
Bitcoin,2024-06-28,2024-06-18,60320.13672,63869.79716353817,60429.38674211587,67310.20758496047,65997.45303280935,55676.29096159181,76318.6151040269,66019.85951451937,57777.599859964204,74262.11916907453
Bitcoin,2024-06-29,2024-06-18,60887.37891,64597.48438962479,60438.69452859961,68756.27425064996,66076.41366112253,55649.12941997388,76503.69790227117,65975.03579664679,58068.74738945164,73881.32420384194
Bitcoin,2024-06-30,2024-06-18,62678.29297,66612.81346862325,60485.431528852896,72740.1954083936,66155.37428943568,58128.882577989796,74181.86600088156,66206.78891918137,60805.46983925445,71608.1079991083
Bitcoin,2024-07-01,2024-06-18,62851.98047,67482.80586074312,60900.07482092607,74065.53690056015,66234.33491774886,58244.71285837428,74223.95697712342,66575.51865588097,58545.858327139176,74605.17898462275
Bitcoin,2024-07-02,2024-06-18,62029.01563,67404.36066074848,61284.7848240482,73523.93649744877,66313.29554606201,58799.76500353836,73826.82608858566,66553.92072481175,58648.699974205214,74459.14147541828
Bitcoin,2024-07-03,2024-07-02,60173.92188,61003.57693104591,58930.79516298968,63076.35869910214,62167.968875579245,59843.62111478605,64492.31663637244,62379.76671026636,59818.88511500927,64940.64830552345
Bitcoin,2024-07-04,2024-07-02,56977.70313,58680.416225618996,57211.183099073976,60149.649352164015,62262.97362290823,59761.185895465656,64764.76135035079,62153.619505389965,59725.38247348381,64581.85653729611
Bitcoin,2024-07-05,2024-07-02,56662.375,57821.52667411793,56118.00782274141,59525.045525494446,62357.978370237215,59337.77054709028,65378.18619338415,62203.374099593195,59373.84979122051,65032.89840796587
Bitcoin,2024-07-06,2024-07-02,58303.53906,59046.89639423375,57295.10351048064,60798.68927798686,62452.9831175662,56624.48101221963,68281.48522291276,62174.224000312104,56593.192482740815,67755.2555178834
Bitcoin,2024-07-07,2024-07-02,55849.10938,58027.465303259705,54466.96198918607,61587.96861733334,62547.987864895185,58513.98386518751,66581.99186460287,62399.71023408473,58468.68894716638,66330.73152100306
Bitcoin,2024-07-08,2024-07-02,56705.09766,58758.44577487757,54520.87066460717,62996.02088514796,62642.99261222417,56128.004808054575,69157.98041639375,62709.55630659569,56146.34794271125,69272.76467048013
Bitcoin,2024-07-09,2024-07-02,58009.22656,60171.43988011816,56614.35315710155,63728.526603134764,62737.997359553156,56158.62377860502,69317.37094050128,62713.59683785534,56217.59340639044,69209.60026932023
Bitcoin,2024-07-10,2024-07-02,57742.49609,60781.08619116643,54857.27195206692,66704.90043026595,62833.00210688214,54065.18928363151,71600.81493013276,62963.48735772353,53889.36930137919,72037.60541406786
Bitcoin,2024-07-11,2024-07-02,57344.91406,61210.4888409831,57107.98857514738,65312.989106818815,62928.006854211126,54712.81231425292,71143.20139416933,62734.44752796028,54768.147431928,70700.74762399255
Bitcoin,2024-07-12,2024-07-02,57899.46484,61813.55997453287,58122.755638826886,65504.36431023886,63023.01160154011,54236.28648793167,71809.73671514854,62783.89208602759,54549.30265247022,71018.48151958495
Bitcoin,2024-07-13,2024-07-02,59231.95313,63389.09451998391,59340.78324387056,67437.40579609726,63118.016348869096,54503.07702893803,71732.95566880016,62753.69737227423,54861.18032252709,70646.21442202137
Bitcoin,2024-07-14,2024-07-02,60787.79297,65158.259575808035,59088.910364154886,71227.60878746118,63213.02109619808,57560.491663006906,68865.55052938925,62980.51186387613,57561.61096828904,68399.41275946322
Bitcoin,2024-07-15,2024-07-02,64870.15234,68445.52281580408,62038.428112818874,74852.6175187893,63308.025843527066,55346.577583632636,71269.47410342148,63292.466825182106,55262.7788818637,71322.1547685005
Bitcoin,2024-07-16,2024-07-02,65097.14844,69804.7658570282,63797.85558681226,75811.67612724412,63403.03059085605,55017.44343786809,71788.617743844,63295.771836161584,55338.76153299432,71252.78213932885
Bitcoin,2024-07-17,2024-07-16,64118.79297,64971.55959595896,62909.072095859614,67034.04709605832,65156.4137741555,62842.5780840826,67470.2494642284,65289.668413243104,62677.16351041399,67902.1733160722
Bitcoin,2024-07-18,2024-07-16,63974.06641,64906.885785810235,63195.67914438622,66618.09242723427,65235.623057174525,61248.12053319048,69223.12558115859,64950.811614172395,60557.56261324908,69344.0606150957
Bitcoin,2024-07-19,2024-07-16,66710.15625,66519.28274758699,64794.547397440154,68244.01809773382,65314.83234019354,60183.611255342184,70446.05342504488,64972.8481172179,59486.72014224363,70458.97609219218
Bitcoin,2024-07-20,2024-07-16,67163.64844,67264.7077814835,65577.1870729322,68952.2284900348,65394.041623212564,59592.52317415108,71195.56007227405,64955.60783279698,59437.32430348693,70473.89136210704
Bitcoin,2024-07-21,2024-07-16,68154.52344,68115.28655202169,64599.459698617735,71631.11340542564,65473.25090623159,59763.84514264562,71182.65666981756,65207.414319619915,59046.18332602558,71368.64531321426
Bitcoin,2024-07-22,2024-07-16,67585.25,67891.35488738448,63670.2727874645,72112.43698730446,65552.4601892506,59095.42141424229,72009.49896425889,65558.46215341853,59003.63904837122,72113.28525846584
Bitcoin,2024-07-23,2024-07-16,65927.67188,66098.97427317314,62501.913816605746,69696.03472974052,65631.66947226963,59165.835983906756,72097.5029606325,65592.9150629308,59072.149372913795,72113.68075294781
Bitcoin,2024-07-24,2024-07-16,65372.13281,65328.81417813557,59409.630485478214,71247.99787079294,65710.87875528865,57042.40703746059,74379.35047311672,65852.58163815724,56702.957612255515,75002.20566405896
Bitcoin,2024-07-25,2024-07-16,65777.22656,64897.170377951385,60797.14866625921,68997.19208964356,65790.08803830767,57714.59310110641,73865.58297550894,65510.11440621905,57537.25922744374,73482.96958499437
Bitcoin,2024-07-26,2024-07-16,67912.0625,65790.88424432173,61691.9805897007,69889.78789894274,65869.2973213267,57240.627862330184,74497.9667803232,65531.65324535334,57353.48350357588,73709.82298713078
Bitcoin,2024-07-27,2024-07-16,67813.33594,65793.2368303856,61426.807614570134,70159.66604620106,65948.50660434572,57508.36544117684,74388.6477675146,65513.57912924467,57705.027082233966,73322.13117625537
Bitcoin,2024-07-28,2024-07-16,68255.86719,65855.93222094714,59769.94563018059,71941.9188117137,66027.71588736474,60536.245163524305,71519.18661120518,65766.86211836594,60369.70856953413,71164.01566719773
Bitcoin,2024-07-29,2024-07-16,66819.91406,64319.820171380175,57894.76575587645,70744.87458688389,66106.92517038377,57923.51947574648,74290.33086502105,66120.23323960623,58103.591179693416,74136.87529951903
Bitcoin,2024-07-30,2024-07-16,66201.01563,63283.647901690776,57362.967936097266,69204.32786728427,66186.13445340279,57793.97176445694,74578.29714234863,66154.29416744376,58139.889983147856,74168.69835173966
Bitcoin,2024-07-31,2024-07-30,64619.25,64456.46395744919,62391.82270268443,66521.10521221394,66313.48273346268,63990.27533291947,68636.69013400587,66466.85447418723,63886.61908796605,69047.08986040842
Bitcoin,2024-08-01,2024-07-30,65357.5,64536.40480338319,62847.80561141546,66225.00399535093,66392.91310473274,62398.46139182978,70387.3648176357,66155.46771721572,61764.44990875521,70546.48552567624
Bitcoin,2024-08-02,2024-07-30,61415.06641,61370.85341681988,59666.030679974996,63075.67615366477,66472.34347600282,61330.57773878927,71614.10921321636,66179.35291473485,60746.995465842105,71611.71036362759
Bitcoin,2024-08-03,2024-07-30,60680.09375,60007.2635165899,58340.95199036975,61673.575042810044,66551.7738472729,60995.76443104282,72107.78326350296,66169.93061516342,60711.422937476396,71628.43829285045
Bitcoin,2024-08-04,2024-07-30,58116.97656,58025.728838385214,54473.81026797958,61577.64740879085,66631.20421854297,60904.06287570827,72358.34556137769,66405.37920064402,60188.28316536991,72622.47523591814
Bitcoin,2024-08-05,2024-07-30,53991.45703,55297.666736047846,51067.925849671985,59527.40762242371,66710.63458981304,59841.67001330725,73579.59916631883,66832.09815620328,60282.63718908617,73381.55912332039
Bitcoin,2024-08-06,2024-07-30,56034.31641,56589.23555391203,53038.34448589704,60140.126621927026,66790.06496108312,60253.04866673782,73327.08125542839,66829.79627267744,60303.922448809164,73355.67009654571
Bitcoin,2024-08-07,2024-07-30,55027.46094,56532.31160248691,50600.144862956484,62464.47834201733,66869.4953323532,57945.385889459976,75793.60477524642,67017.05034448228,57901.473627339095,76132.62706162548
Bitcoin,2024-08-08,2024-07-30,61710.13672,61681.10209070213,57555.6917862206,65806.51239518364,66948.92570362327,58779.87185309656,75117.97955414998,66702.43919326537,58717.33788003785,74687.54050649288
Bitcoin,2024-08-09,2024-07-30,60880.11328,63028.352082287005,58959.850507028816,67096.8536575452,67028.35607489334,58435.41885012935,75621.29329965734,66725.87635292405,58600.33144513207,74851.42126071604
Bitcoin,2024-08-10,2024-07-30,60945.8125,64059.30191696559,59719.43607856855,68399.16775536262,67107.78644616342,58706.649943509336,75508.92294881749,66715.73233497747,58951.293613383816,74480.17105657111
Bitcoin,2024-08-11,2024-07-30,58719.48438,63459.76387841249,57316.14869657416,69603.37906025081,67187.2168174335,61703.77591832164,72670.65771654535,66952.47833767439,61611.73119866627,72293.2254766825
Bitcoin,2024-08-12,2024-07-30,59354.51563,63976.60606138618,57477.42961361933,70475.78250915302,67266.64718870357,59032.36965453603,75500.9247228711,67382.06564147775,59323.566107107625,75440.56517584786
Bitcoin,2024-08-13,2024-07-30,60609.56641,65156.50065546084,59136.140782686336,71176.86052823534,67346.07755997364,58952.61759342804,75739.53752651923,67379.09906365327,59346.44468324857,75411.75344405795
Bitcoin,2024-08-14,2024-08-13,58737.26953,59869.99199968102,57803.59453511157,61936.38946425046,60621.10924311679,58275.76795230967,62966.45053392391,60577.38169928721,58059.953778893156,63094.80961968126
Bitcoin,2024-08-15,2024-08-13,57560.09766,58884.07898994726,57256.97575466257,60511.18222523195,60701.946883941244,56726.92001674798,64676.97375113451,60465.036686409585,56073.259958077644,64856.813414741526
Bitcoin,2024-08-16,2024-08-13,58894.10547,59749.06394424006,58094.54086885227,61403.587019627834,60782.784524765695,55671.271298163934,65894.29775136746,60436.32430933784,54999.36404939791,65873.28456927778
Bitcoin,2024-08-17,2024-08-13,59478.97266,60468.25874849914,58836.015911363305,62100.50158563497,60863.622165590146,54948.10895941663,66779.13537176365,60416.07015309381,54919.83934259415,65912.30096359347
Bitcoin,2024-08-18,2024-08-13,58483.96484,60667.76445204821,57158.152867809855,64177.37603628657,60944.4598064146,54633.93726062094,67254.98235220824,60629.50014391967,54135.13248814371,67123.86779969564
Bitcoin,2024-08-19,2024-08-13,59493.45313,61747.623298292325,57400.79467716862,66094.45191941602,61025.29744723905,50236.0779877653,71814.5169067128,60955.86871550279,49713.22324638689,72198.51418461867
Bitcoin,2024-08-20,2024-08-13,59012.79297,61916.61559500803,58458.85936679165,65374.37182322441,61106.1350880635,50865.39903017888,71346.87114594813,60954.83346460085,50820.528856712815,71089.13807248889
Bitcoin,2024-08-21,2024-08-13,61175.19141,63376.64041332633,57336.85104416521,69416.42978248744,61186.97272888795,52039.25450752778,70334.69095024813,61046.04908221856,51867.59382084208,70224.50434359504
Bitcoin,2024-08-22,2024-08-13,60381.91406,63381.0534707504,59016.96689629016,67745.14004521063,61267.8103697124,52928.54220931447,69607.07853011033,60932.318434731846,52914.90135436843,68949.73551509526
Bitcoin,2024-08-23,2024-08-13,64094.35547,65571.68849306965,61627.45227005873,69515.92471608057,61348.64801053686,52663.06235698755,70034.23366408616,60902.8690904417,52760.272624883495,69045.46555599991
Bitcoin,2024-08-24,2024-08-13,64178.99219,66174.62263598198,61733.82718432314,70615.41808764084,61429.48565136131,52925.77217766538,69933.19912505725,60881.94481287424,53117.513343123945,68646.37628262454
Bitcoin,2024-08-25,2024-08-13,64333.54297,66376.06562130844,59886.97207030121,72865.15917231567,61510.32329218576,52916.926392328445,70103.72019204308,61096.506137303055,52745.683644494056,69447.32863011205
Bitcoin,2024-08-26,2024-08-13,62880.66016,65161.29479150573,58286.492972255626,72036.09661075583,61591.160933010215,53459.32839731439,69722.99346870603,61424.8725222142,53182.29822377742,69667.44682065098
Bitcoin,2024-08-27,2024-08-13,59504.13281,61978.17224411844,55559.407647195156,68396.93684104172,61671.998573834666,52997.08632685011,70346.91082081922,61423.314368225234,53365.87462821956,69480.7541082309
Bitcoin,2024-08-28,2024-08-27,59027.625,58015.126359505106,55931.637966734335,60098.61475227587,59782.905106841965,57459.59545624574,62106.21475743819,59910.60219751583,57406.042220206225,62415.162174825426
Bitcoin,2024-08-29,2024-08-27,59388.17969,57786.73634812835,56171.31879385062,59402.15390240607,59858.938923805035,55872.32271136638,63845.55513624369,59786.23608280096,55386.730396089646,64185.74176951227
Bitcoin,2024-08-30,2024-08-27,59119.47656,57289.11994030464,55646.59361756201,58931.646263047274,59934.97274076811,54805.01077228767,65064.934709248555,59817.227288347785,54370.94018145886,65263.514395236714
Bitcoin,2024-08-31,2024-08-27,58969.89844,57210.817233486385,55572.86270795093,58848.77175902184,60011.00655773118,53973.21256910673,66048.80054635563,59811.10536669791,54306.22344278518,65315.98729061065
Bitcoin,2024-09-01,2024-08-27,57325.48828,56148.063579330985,52603.04355120405,59693.08360745792,60087.04037469426,53433.00222290972,66741.0785264788,59958.50034380607,53450.346988259495,66466.65369935264
Bitcoin,2024-09-02,2024-08-27,59112.48047,57354.51101251142,52955.431581915676,61753.59044310717,60163.07419165733,49346.203695259996,70979.94468805466,60290.23173093646,49024.628798540194,71555.83466333273
Bitcoin,2024-09-03,2024-08-27,57431.02344,56559.63908949665,53138.19902238357,59981.07915660974,60239.10800862041,50020.312602146165,70457.90341509465,60308.92905969129,50154.941170302205,70462.91694908036
Bitcoin,2024-09-04,2024-08-27,57971.53906,56821.36964055237,50837.30724015119,62805.43204095356,60315.14182558348,51101.79423316005,69528.48941800691,60377.34428676424,51181.23917328443,69573.44940024403
Bitcoin,2024-09-05,2024-08-27,56160.48828,55841.932175786154,51392.24446778494,60291.61988378736,60391.17564254656,52227.95844806195,68554.39283703116,60251.49147460296,52193.42154891454,68309.56140029136
Bitcoin,2024-09-06,2024-08-27,53948.75391,54215.516221293285,50256.30147936154,58174.730963225025,60467.20945950963,51813.06620563788,69121.35271338139,60282.20692985174,52122.08570861622,68442.32815108725
Bitcoin,2024-09-07,2024-08-27,54139.6875,53880.5922644007,49326.219266390646,58434.96526241075,60543.243276472705,52074.68171073088,69011.80484221452,60275.521696709104,52493.54815020405,68057.49524321416
Bitcoin,2024-09-08,2024-08-27,54841.56641,54325.25816230708,47712.9014639717,60937.614860642454,60619.277093435776,52074.729549422016,69163.82463744954,60423.54530520229,52043.8286369305,68803.26197347409
Bitcoin,2024-09-09,2024-08-27,57019.53516,56567.09827208952,49609.94518353525,63524.251360643786,60695.31091039885,52527.44666510832,68863.17515568937,60757.33208397919,52490.46464628645,69024.19952167192
Bitcoin,2024-09-10,2024-08-27,57648.71094,57908.37462571587,51418.57283381719,64398.17641761455,60771.344727361924,52379.290022614055,69163.39943210979,60775.65770027805,52545.90818766171,69005.40721289437
Bitcoin,2024-09-11,2024-09-10,57343.17188,58147.746533246675,56022.17503669624,60273.31802979711,57654.11733000662,55393.50243245203,59914.73222756121,57680.26619921212,55093.887647120675,60266.64475130356
Bitcoin,2024-09-12,2024-09-10,58127.01172,59395.236016570336,57795.55463030946,60994.91740283121,57725.36375422796,53667.4868818575,61783.240626598425,57551.83197813166,53225.669790290056,61877.994165973265
Bitcoin,2024-09-13,2024-09-10,60571.30078,61859.130245011365,60024.90132231898,63693.35916770375,57796.61017844929,52659.55382307035,62933.66653382823,57586.876726792754,52161.25374305091,63012.4997105346
Bitcoin,2024-09-14,2024-09-10,60005.12109,62471.54817779782,60736.01487253003,64207.08148306561,57867.85660267063,52081.73125198755,63653.981953353716,57559.52055249315,51895.35342769658,63223.68767728972
Bitcoin,2024-09-15,2024-09-10,59182.83594,62411.761715964625,58892.18904061546,65931.3343913138,57939.10302689197,51283.21901712425,64594.98703665969,57665.44509651422,51106.68665062663,64224.203542401796
Bitcoin,2024-09-16,2024-09-10,58192.50781,61676.39314304431,56969.665469678774,66383.12081640985,58010.34945111331,47306.75759698141,68713.9413052452,57919.954584194486,46622.42713791822,69217.48203047075
Bitcoin,2024-09-17,2024-09-10,60308.53906,63200.109157205276,59829.640083271406,66570.57823113914,58081.59587533465,47729.03062281688,68434.16112785242,57888.22228861358,47714.1044801504,68062.34009707675
Bitcoin,2024-09-18,2024-09-10,61649.67969,64332.1444824148,58431.24363593729,70233.04532889232,58152.84229955598,49701.352200611815,66604.33239850015,58003.28508919956,48701.11514381954,67305.45503457959
Bitcoin,2024-09-19,2024-09-10,62940.45703,65553.21953887571,60869.2712712756,70237.16780647582,58224.08872377732,49566.985749327185,66881.19169822746,57873.87397445814,49709.699143346865,66038.04880556941
Bitcoin,2024-09-20,2024-09-10,63192.97656,66309.06608841437,62360.14928366733,70257.98289316142,58295.33514799866,47979.496154099346,68611.17414189797,57908.85743639011,49553.95341655312,66263.7614562271
Bitcoin,2024-09-21,2024-09-10,63394.83984,66592.21758293462,61854.278915471616,71330.15625039763,58366.58157222,47917.999089091325,68815.16405534868,57881.09145456016,49923.77592898294,65838.40698013738
Bitcoin,2024-09-22,2024-09-10,63648.71094,66929.34047610933,60154.2978945163,73704.38305770235,58437.82799644133,50706.8453648558,66168.81062802685,57987.35085750134,49565.98239434987,66408.7193206528
Bitcoin,2024-09-23,2024-09-10,63329.80078,66635.39098112029,59580.66816927721,73690.11379296337,58509.07442066267,49184.699979391815,67833.44886193352,58243.02345510854,49996.86171885065,66489.18519136643
Bitcoin,2024-09-24,2024-09-10,64301.96875,67043.37248784953,60461.445550583194,73625.29942511585,58580.32084488401,50543.96260653277,66616.67908323524,58210.85707455244,51219.39620681253,65202.31794229234
Bitcoin,2024-09-25,2024-09-24,63143.14453,63128.22037126492,61004.35567238209,65252.085070147754,64300.178909858914,61985.62817023671,66614.72964948112,64358.01043681405,61765.0904791462,66950.9303944819
Bitcoin,2024-09-26,2024-09-24,65181.01953,64136.81087403717,62531.20907319399,65742.41267488035,64367.36341846963,60228.75302362164,68505.97381331763,64246.110209212755,59922.280071174726,68569.94034725077
Bitcoin,2024-09-27,2024-09-24,65790.66406,64589.63666036053,62713.493514466514,66465.77980625455,64434.54792708033,59076.86057898234,69792.23527517832,64288.843741950994,58821.06366243124,69756.62382147076
Bitcoin,2024-09-28,2024-09-24,65887.64844,64557.49557652537,62561.01995269615,66553.97120035459,64501.73243569105,58617.27002039638,70386.1948509857,64280.491617955515,58638.108382795916,69922.8748531151
Bitcoin,2024-09-29,2024-09-24,65635.30469,64094.509265436194,60679.66725517422,67509.35127569817,64568.91694430175,58257.206558647034,70880.62732995646,64344.63483446717,57856.734334123015,70832.53533481133
Bitcoin,2024-09-30,2024-09-24,63329.5,61553.027021463655,56594.01323558446,66512.04080734284,64636.101452912466,53354.499241275415,75917.70366454951,64695.96190462339,53418.718171080465,75973.20563816631
Bitcoin,2024-10-01,2024-09-24,60837.00781,58911.9839802747,55558.12298201956,62265.84497852984,64703.28596152317,54541.08716277274,74865.4847602736,64682.65660231485,54493.4448013392,74871.8684032905
Bitcoin,2024-10-02,2024-09-24,60632.78516,57884.33811566692,52062.48843765616,63706.18779367767,64770.470470133885,55567.57694462666,73973.36399564112,64820.83280479294,55490.837076379255,74150.82853320662
Bitcoin,2024-10-03,2024-09-24,60759.40234,57441.66173804148,52366.08814237767,62517.2353337053,64837.65497874459,56815.06521770829,72860.2447397809,64707.65369953874,56540.53929274085,72874.76810633663
Bitcoin,2024-10-04,2024-09-24,62067.47656,58504.06671002353,54110.522156643754,62897.6112634033,64904.8394873553,56318.580250800056,73491.09872391053,64750.220725572966,56430.366561951036,73070.07488919489
Bitcoin,2024-10-05,2024-09-24,62089.94922,58784.48576873931,53581.90098420155,63987.070553277066,64972.02399596601,56580.102947886204,73363.9450440458,64741.33618877906,56780.651589015106,72702.02078854301
Bitcoin,2024-10-06,2024-09-24,62818.95313,59489.939459674366,52258.764834541915,66721.11408480682,65039.208504576716,56560.26849783454,73518.14851131887,64805.46728927691,56477.7110294018,73133.22354915201
Bitcoin,2024-10-07,2024-09-24,62236.66016,59230.17589556151,51725.03930759438,66735.31248352863,65106.39301318743,56807.98831439832,73404.79771197654,65158.83695967201,56949.76789257112,73367.90602677288
Bitcoin,2024-10-08,2024-09-24,62131.96875,59063.384975548644,52039.91069834349,66086.8592527538,65173.577521798135,57654.33774887336,72692.8172947229,65144.96394389178,58209.66684334893,72080.26104443462
Bitcoin,2024-10-09,2024-10-08,60582.10156,60758.77732752306,58622.45371205023,62895.10094299589,62142.67750677912,59907.15701860703,64378.197994951195,62264.46355071616,59654.9657611069,64873.96134032541
Bitcoin,2024-10-10,2024-10-08,60274.5,60189.72196659328,58568.7910068259,61810.65292636066,62142.67750677912,58003.96506433071,66281.38994922751,62188.03936784621,57886.862841745045,66489.21589394737
Bitcoin,2024-10-11,2024-10-08,62445.08984,62333.5454341194,60328.77979266614,64338.31107557266,62142.67750677912,56784.88811108071,67500.46690247752,62251.4030938814,56812.25084901572,67690.55533874709
Bitcoin,2024-10-12,2024-10-08,63193.02344,63456.1370457781,61477.298391257216,65434.975700298986,62142.67750677912,56486.035932906685,67799.31908065155,62256.534419607284,56554.94144860472,67958.12739060985
Bitcoin,2024-10-13,2024-10-08,62851.375,63635.51493210174,60230.418928141815,67040.61093606167,62142.67750677912,55835.907139420175,68449.44787413806,62316.93448398489,55811.189960472184,68822.6790074976
Bitcoin,2024-10-14,2024-10-08,66046.125,66693.015664793,61543.61976920339,71842.4115603826,62142.67750677912,50871.74909825274,73413.6059153055,62606.66429702745,51366.742561186664,73846.58603286823
Bitcoin,2024-10-15,2024-10-08,67041.10938,68205.70757695803,64875.96405749167,71535.45109642438,62142.67750677912,51827.811196061826,72457.54381749641,62551.81437645395,52325.59861507042,72778.03013783749
Bitcoin,2024-10-16,2024-10-08,67612.71875,69171.91246635266,63347.82989637534,74995.99503632997,62142.67750677912,52649.084476655626,71636.27053690261,62675.094090831226,53274.924287869704,72075.26389379274
Bitcoin,2024-10-17,2024-10-08,67399.83594,69429.96897789945,64189.34104271729,74670.5969130816,62142.67750677912,52265.80844720573,72019.54656635251,62597.77986418986,54432.996996127,70762.56273225273
Bitcoin,2024-10-18,2024-10-08,68418.78906,70329.34156208717,65774.20606339027,74884.47706078406,62142.67750677912,50868.23750984077,73417.11750371747,62661.17537973735,54266.460318480764,71055.89044099393
Bitcoin,2024-10-19,2024-10-08,68362.73438,70304.53364792747,64961.22595099804,75647.8413448569,62142.67750677912,50666.99313272582,73618.36188083241,62665.9554783193,54608.53143402701,70723.37952261159
Bitcoin,2024-10-20,2024-10-08,69001.70313,70895.28367940061,63540.51243552109,78250.05492328014,62142.67750677912,50827.887419105544,73457.4675944527,62726.36810056024,54392.59238649717,71060.14381462331
Bitcoin,2024-10-21,2024-10-08,67367.85156,69030.84930651456,61413.11312365775,76648.58548937135,62142.67750677912,52840.877018122366,71444.47799543585,63017.61577326329,54812.443308431204,71222.78823809538
Bitcoin,2024-10-22,2024-10-08,67361.40625,68437.6625798659,61296.57465852744,75578.75050120434,62142.67750677912,52319.308226139176,71966.04678741905,62962.02115863803,56058.12018683841,69865.92213043764
Bitcoin,2024-10-23,2024-10-22,66432.19531,65971.12787814173,63828.74009041967,68113.5156658638,67369.57564135839,65049.77506510967,69689.37621760709,67491.45140595666,64819.906356767395,70162.99645514593
Bitcoin,2024-10-24,2024-10-22,68161.05469,66993.21728689609,65364.32213339008,68622.11244040211,67369.57564135839,63227.04812850781,71512.10315420896,67369.40205747673,63117.675970486394,71621.12814446707
Bitcoin,2024-10-25,2024-10-22,66642.41406,65438.45400877355,63304.56141333017,67572.34660421693,67369.57564135839,62006.18689974846,72732.9643829683,67472.10253693668,62114.5256386531,72829.67943522029
Bitcoin,2024-10-26,2024-10-22,67014.69531,65274.39752286073,63373.63057594939,67175.16446977208,67369.57564135839,61466.65226868413,73272.49901403264,67439.53303713728,61691.46051837862,73187.60555589595
Bitcoin,2024-10-27,2024-10-22,67929.29688,65920.55015875204,62586.9250621181,69254.17525538598,67369.57564135839,60695.784766880504,74043.36651583627,67478.02512794909,60930.07494769932,74025.97530819886
Bitcoin,2024-10-28,2024-10-22,69907.75781,67380.27616408496,61954.07942673454,72806.47290143538,67369.57564135839,56087.32579240211,78651.82549031466,67820.83495229919,56684.86827942219,78956.80162517619
Bitcoin,2024-10-29,2024-10-22,72720.49219,69747.6469976123,66529.02309039484,72966.27090482977,67369.57564135839,57165.70304859053,77573.44823412625,67686.16871992295,57429.96853703858,77942.36890280731
Bitcoin,2024-10-30,2024-10-22,72339.53906,69663.6972990907,63927.1081039183,75400.28649426308,67369.57564135839,58277.54719872381,76461.60408399296,67815.11607831393,58308.075403531075,77322.15675309679
Bitcoin,2024-10-31,2024-10-22,70215.1875,67802.21941651264,62224.84058607728,73379.59824694801,67369.57564135839,59308.62332383842,75430.52795887835,67692.26023780338,59433.63216618852,75950.88830941824
Bitcoin,2024-11-01,2024-10-22,69482.46875,66388.8453715612,61465.9442994353,71311.74644368708,67369.57564135839,58725.319986517745,76013.83129619903,67795.23167313306,59267.366540645584,76323.09680562055
Bitcoin,2024-11-02,2024-10-22,69289.27344,65641.60425749261,59930.140148482125,71353.06836650308,67369.57564135839,58913.9697594006,75825.18152331618,67762.28538318009,59607.140831270684,75917.42993508949
Bitcoin,2024-11-03,2024-10-22,68741.11719,64804.396464706355,57101.08069337642,72507.71223603628,67369.57564135839,58843.15124459181,75896.00003812497,67800.74105314646,59683.59413368031,75917.88797261259
Bitcoin,2024-11-04,2024-10-22,67811.50781,63810.095917586834,55867.50928562882,71752.68254954484,67369.57564135839,59124.47277531175,75614.67850740501,68144.96892249728,59846.51876695002,76443.41907804452
Bitcoin,2024-11-05,2024-10-22,69359.5625,64744.80409284217,57292.82290957869,72196.78527610564,67369.57564135839,59850.33586843361,74888.81541428315,68009.43837085659,60957.70696502966,75061.1697766835
Bitcoin,2024-11-06,2024-11-05,75639.07813,74117.40622896026,71951.54610698302,76283.26635093748,69259.4781681298,66851.1681074133,71667.7882288463,69364.54346293533,66694.58408815254,72034.50283771812
Bitcoin,2024-11-07,2024-11-05,75904.85938,75083.1626169396,73460.79986236204,76705.52537151717,69259.4781681298,65120.79800934469,73398.15832691491,69252.65728507233,64951.66420012701,73553.65037001764
Bitcoin,2024-11-08,2024-11-05,76545.47656,76183.92876430483,73970.70000711778,78397.15752149188,69259.4781681298,63901.721056094684,74617.23528016491,69342.01683532135,63918.86524495843,74765.16842568426
Bitcoin,2024-11-09,2024-11-05,76778.86719,76711.45920796516,74701.78571084571,78721.13270508462,69259.4781681298,62728.34706726221,75790.60926899739,69356.96938943415,63645.14557904336,75068.79319982494
Bitcoin,2024-11-10,2024-11-05,80474.1875,78941.83978486207,75599.90296233547,82283.77660738866,69259.4781681298,62954.002617430866,75564.95371882874,69458.09846139172,62897.63901258653,76018.55791019692
Bitcoin,2024-11-11,2024-11-05,88701.48438,83723.44804134333,78167.83788796568,89279.05819472099,69259.4781681298,57988.58551339513,80530.37082286447,69890.22905658584,58814.26972586985,80966.18838730182
Bitcoin,2024-11-12,2024-11-05,87955.8125,84221.9817752649,80979.58978483359,87464.3737656962,69259.4781681298,59044.683927595644,79474.27240866396,69787.45548428138,59478.2696280792,80096.64134048355
Bitcoin,2024-11-13,2024-11-05,90584.16406,85591.02137452897,79903.96746234475,91278.07528671318,69259.4781681298,59216.90564700953,79302.05068925007,69911.10523654691,60357.88010226601,79464.3303708278
Bitcoin,2024-11-14,2024-11-05,87250.42969,82863.91585929191,77229.65302037731,88498.17869820651,69259.4781681298,60491.56335897571,78027.39297728389,69797.72389067287,61444.23970891085,78151.20807243489
Bitcoin,2024-11-15,2024-11-05,91066.00781,83739.89815033697,78798.52003377337,88681.27626690058,69259.4781681298,60580.74440430284,77938.21193195676,69887.17379638788,61388.641114572514,78385.70647820324
Bitcoin,2024-11-16,2024-11-05,90558.47656,83335.38647729383,77622.80980246882,89047.96315211883,69259.4781681298,60765.944059382615,77753.012276877,69901.63218239794,61743.449453415575,78059.81491138031
Bitcoin,2024-11-17,2024-11-05,89845.85156,82432.85286587702,74731.24232370988,90134.46340804416,69259.4781681298,61608.63012586597,76910.32621039364,70002.94418273715,61543.51236937818,78462.37599609612
Bitcoin,2024-11-18,2024-11-05,90542.64063,82082.30960657953,74169.73668765325,89994.8825255058,69259.4781681298,60067.08026945483,78451.87606680476,70437.85084453585,61990.11697116251,78885.58471790918
Bitcoin,2024-11-19,2024-11-05,92343.78906,82575.4323942905,75131.21567387192,90019.64911470909,69259.4781681298,61362.01815770483,77156.93817855477,70333.66059933287,63283.142141987635,77384.1790566781
Bitcoin,2024-11-20,2024-11-19,94339.49219,93027.47903041131,90849.43486806843,95205.52319275418,92338.33031112445,86891.99760188287,97784.66302036602,92600.82935316209,87312.38773202783,97889.27097429635
Bitcoin,2024-11-21,2024-11-19,98504.72656,94867.26531239778,93246.16791856513,96488.36270623043,92433.8449590514,87094.65594323263,97773.03397487018,92372.85268723068,87052.26445662168,97693.44091783969
Bitcoin,2024-11-22,2024-11-19,98997.66406,94954.6438271466,92657.86321078199,97251.42444351122,92529.35960697837,86788.17193557553,98270.5472783812,92496.65644495908,86880.99553345134,98112.31735646681
Bitcoin,2024-11-23,2024-11-19,97777.28125,93636.19926035535,91508.01766745697,95764.38085325374,92624.87425490533,86024.2427759023,99225.50573390836,92447.3160189451,86217.8280681852,98676.803969705
Bitcoin,2024-11-24,2024-11-19,98013.82031,92653.80135834546,89285.45963459337,96022.14308209755,92720.38890283229,84080.56725462184,101360.21055104274,92574.94088942042,84099.17957074486,101050.70220809599
Bitcoin,2024-11-25,2024-11-19,93102.29688,87627.76659242419,82068.07600588341,93187.45717896496,92815.90355075925,79866.62988670789,105765.17721481061,93190.9880084043,79964.48417093312,106417.49184587545
Bitcoin,2024-11-26,2024-11-19,91985.32031,84809.04894648153,81072.05353470561,88546.04435825745,92911.41819868621,81891.18617504394,103931.65022232846,93005.49159543015,81946.9220350676,104064.06115579269
Bitcoin,2024-11-27,2024-11-19,95962.53125,85528.38730432675,79872.98139204405,91183.79321660945,93006.93284661317,80857.91989863,105155.94579459634,93283.65012043087,80930.795482174,105636.50475868775
Bitcoin,2024-11-28,2024-11-19,95652.46875,84713.69099480694,79000.19499761678,90427.18699199709,93102.44749454013,83738.13285165477,102466.76213742548,93053.27563991166,83478.81075080036,102627.74052902295
Bitcoin,2024-11-29,2024-11-19,97461.52344,85243.41246070674,77890.97250610736,92595.85241530612,93197.96214246709,82483.32388487624,103912.60040005793,93177.27513209832,82272.35439474044,104082.19586945619
Bitcoin,2024-11-30,2024-11-19,96449.05469,84305.40709009876,77046.18727019036,91564.62691000715,93293.47679039407,82483.01745459774,104103.93612619038,93126.85731946539,82014.31880966107,104239.39582926969
Bitcoin,2024-12-01,2024-11-19,97279.78906,84634.17509034452,76899.08318844195,92369.2669922471,93388.99143832103,82173.77410781923,104604.2087688228,93254.70649651998,81720.302304121,104789.11068891895
Bitcoin,2024-12-02,2024-11-19,95865.30469,84258.90196493812,75745.35816918398,92772.44576069227,93484.50608624799,79310.66474279072,107658.34742970526,93874.56011413346,79526.63860490729,108222.48162335962
Bitcoin,2024-12-03,2024-11-19,96002.16406,83763.24882028671,74003.1192721537,93523.37836841973,93580.02073417495,80073.01241426221,107087.02905408767,93686.98892393005,80232.8299126415,107141.14793521861
Bitcoin,2024-12-04,2024-12-03,98768.53125,97744.47265088903,95568.76032355019,99920.18497822786,96111.63609459497,90765.96445269519,101457.30773649475,96413.28748315206,91204.0313396326,101622.54362667153
Bitcoin,2024-12-05,2024-12-03,96593.57031,97083.21867465007,95272.14978318356,98894.28756611657,96219.10960526844,90169.63610814587,102268.58310239101,96241.38589888124,90177.70149086462,102305.07030689786
Bitcoin,2024-12-06,2024-12-03,99920.71094,97887.21288864827,95385.87510237924,100388.5506749173,96326.58311594193,89884.3621114446,102768.80412043926,96354.72043027492,89882.3221934017,102827.11866714813
Bitcoin,2024-12-07,2024-12-03,99923.33594,97619.52617081637,95074.4611529981,100164.59118863464,96434.0566266154,89277.81157566466,103590.30167756615,96271.54623073236,90009.36786555273,102533.72459591199
Bitcoin,2024-12-08,2024-12-03,101236.0156,98075.21478042523,92752.74629061643,103397.68327023403,96541.5301372889,87864.20520728762,105218.85506729016,96334.31297328658,87871.84890462754,104796.77704194562
Bitcoin,2024-12-09,2024-12-03,97432.71875,95672.12433371981,90150.0556897509,101194.19297768873,96649.00364796238,83652.9441441568,109645.06315176796,96986.68396721013,83687.03231987458,110286.33561454568
Bitcoin,2024-12-10,2024-12-03,96675.42969,94673.38977965743,90649.42487035737,98697.3546889575,96756.47715863585,84074.4243277442,109438.5299895275,96724.14147963286,85657.48031181154,107790.80264745417
Bitcoin,2024-12-11,2024-12-03,101173.0313,96652.18883177557,89076.90912688136,104227.46853666975,96863.95066930934,84649.58676564512,109078.31457297357,97141.36091152928,84722.51131044216,109560.21051261638
Bitcoin,2024-12-12,2024-12-03,100043.0,96347.96166073652,88884.02709524124,103811.89622623178,96971.42417998283,87057.30279153658,106885.54556842908,96967.37799827501,87525.32969323835,106409.42630331166
Bitcoin,2024-12-13,2024-12-03,101459.2578,97284.285898803,89578.2916503836,104990.28014722241,97078.8976906563,85041.26435393112,109116.53102738148,97080.78502989779,86268.37233809626,107893.1977216993
Bitcoin,2024-12-14,2024-12-03,101372.9688,97273.26146858653,89077.137268964,105469.38566820906,97186.37120132979,85086.68692210468,109286.05548055489,96996.20400884563,85976.67501875137,108015.73299893987
Bitcoin,2024-12-15,2024-12-03,104298.6953,99003.71686875747,90897.14813537402,107110.28560214092,97293.84471200327,86316.03770245038,108271.65172155613,97058.66430279436,85549.26525351148,108568.06335207724
Bitcoin,2024-12-16,2024-12-03,106029.7188,100249.38885215137,89579.43972651601,110919.33797778674,97401.31822267675,83477.31895049631,111325.3174948572,97715.1580665498,83503.62606564659,111926.69006745302
Bitcoin,2024-12-17,2024-12-03,106140.6016,100105.88458169164,90247.50300561314,109964.26615777015,97508.79173335024,84264.05723504223,110753.52623165824,97449.86489425451,84064.32795476976,110835.40183373925
